dataset,newspaper_title,issue_id,issue_date,page_number,article_id,article_title,article_text_1st50words,matched_terms,url
Indian Daily Mail 1946-1947,Indian Daily Mail,indiandailymail19460701-1,1 July 1946,1,indiandailymail19460701-1.2.11,Another Political Army In China?,Another Political Army In China? Nanking. June 30. Another Chinese political party will have an army if the Communist New China News Agency report of a formation of a Democratic League army m Manchuria is true. The report which appeared too late for confirmation said that a member of the,Democratic League,https://eresources.nlb.gov.sg/newspapers/digitised/article/indiandailymail19460701-1.2.11
Indian Daily Mail 1946-1947,Indian Daily Mail,indiandailymail19471101-1,1 November 1947,6,indiandailymail19471101-1.2.57,MALAYA BRANCH OF DEMOCRATIC LEAGUE WILL CONTINUE TO FUNCTION,"MALAYA BRANCH OF DEMOCRATIC LEAGUE WILL CONTINUE TO FUNCTION I&gt;_Sl'll_ RANkING UOVT.'S BAH Ihe decision to carry on the activities of the China Democratic League was unanimously armed at at an emergency meeting of the Standing %_.om notice oj the Malayan Branch Headquarters of the League held on Thursday, Oct.",China Democratic League; Democratic League,https://eresources.nlb.gov.sg/newspapers/digitised/article/indiandailymail19471101-1.2.57
Morning Tribune 1946-1949,Morning Tribune,morningtribune19471101-1,1 November 1947,4,morningtribune19471101-1.2.30,Police Guard Shanghai  Democratic League Hq,"Police Guard Shanghai Democratic League Hq SHANGHAI, Oct. 31— A coir i?le of armed policemen siood guard this mcrcteg outside the bhanghai headquarters of the Democratic League, which has been outlawed by the NaUoral Goverr.mer t. following the offiI cial sealing of the premises yestorday afterr.oon by the local authorities.",Democratic League,https://eresources.nlb.gov.sg/newspapers/digitised/article/morningtribune19471101-1.2.30
Malaya Tribune 1945-1949,Malaya Tribune,maltribune19470210-1,10 February 1947,5,maltribune19470210-1.2.67,"Meeting Ends In ""Free For All""","Meeting Ends In ""Free For All"" U.P. Shanghai. Feb. 9.—An antiAmencan meeting this morning ended in a tree for all in Nanking Read with police arresting several preson.s. The Democratic League—close to the Communists—called the meet ng this mornmg. One labour faction walked out when they discovered the reason for",Democratic League,https://eresources.nlb.gov.sg/newspapers/digitised/article/maltribune19470210-1.2.67
Malaya Tribune 1945-1949,Malaya Tribune,maltribune19460710-1,10 July 1946,5,maltribune19460710-1.2.58,Complete Deadlock In China,Complete Deadlock In China Ju'v 9.—The Chinese I the Communist dereached a complete China's protracted peace ttta by both sides sugi two-hour talk with GeneGeneral Chou En-lai. ununist representative in a long discussion un- y.ght with Lo Lunj-chi Democratic League. «ai reason for the deadrchng to the Communists is of,Democratic League,https://eresources.nlb.gov.sg/newspapers/digitised/article/maltribune19460710-1.2.58
Malaya Tribune 1945-1949,Malaya Tribune,maltribune19490510-1,10 May 1949,3,maltribune19490510-1.2.39,TWO CHINESE PARTIES LOSE STATUS,"TWO CHINESE PARTIES LOSE STATUS KM. T, China Democratic League Come Under Society Law T 1 22 the Ruo f** have heen im mrW ii f lmrA] fi cal ablatio©*. l%i s means that tntj come under the provisions of the Societies o, -J in an™ k9 m r«» rrnment",China Democratic League; Democratic League,https://eresources.nlb.gov.sg/newspapers/digitised/article/maltribune19490510-1.2.39
Indian Daily Mail 1946-1947,Indian Daily Mail,indiandailymail19471110-1,10 November 1947,3,indiandailymail19471110-1.2.42,Overseas Democratic League's Decision,"Overseas Democratic League's Decision HONG KONG, Nov. 'J.— The South rn branch ot th* Democratic Leagi:* n a statement issued said ""we will ight on"" despite th« Democratic League requests to dissolve overseas iranches. The statement, published in th« iberal China I igett, denounced ""Fa3:ist Dictatorship"" an&lt;l atfirmed 'wo vill",Democratic League,https://eresources.nlb.gov.sg/newspapers/digitised/article/indiandailymail19471110-1.2.42
Morning Tribune 1946-1949,Morning Tribune,morningtribune19471010-1,10 October 1947,20,morningtribune19471010-1.2.220,Democratic League Indicted,"Democratic League Indicted NANKING, Oct. 9. Tao Chsheng, Kuomintang Vice-Mil is. ter of Informa i n, today charged the Democratic League China's third largest political party with disi 'minatii pro. paganda for the Chii ese Com* nun isLs. In m interview with Chinese pressmen Mr. Tao accused two Democi atic",Democratic League,https://eresources.nlb.gov.sg/newspapers/digitised/article/morningtribune19471010-1.2.220
Indian Daily Mail 1949-1953,Indian Daily Mail,indiandailymail19490510-1,10-May-49,4,indiandailymail19490510-1.2.51,Exemption To Foreign Political Bodies In S'pore Withdraw,"Exemption To Foreign Political Bodies In S'pore W ithdraw China Democratic League K- M. T. Affected A N OBSTACLE 10 DEVELOPMENT OF A S'POKE roLiuiAL Coi\iJUol^\tsS,'' SAVS GOVT. ""The local organisation of foreign political associations in Singapore is an obstacle to tne development oi a Singapore political consciousness, and tne",China Democratic League; Democratic League,https://eresources.nlb.gov.sg/newspapers/digitised/article/indiandailymail19490510-1.2.51
Malaya Tribune 1945-1949,Malaya Tribune,maltribune19470811-1,11 August 1947,8,maltribune19470811-1.2.111,A. DENIAL,"A. DENIAL NANKING, Aug. 10.—Dr. to Lo Lung-chi, spokesman nf the Democratic League Clvna's th rd largest political par*v v.h'ch refuses to co-ooerate wi*h the Nations 1 Goverrment —10--day den ed local nress reports ihat the League has or*»sent&lt;*d M memorardum appealing to General A C. Wedemeyer *0 «top aid",Democratic League; Lo Lung-chi,https://eresources.nlb.gov.sg/newspapers/digitised/article/maltribune19470811-1.2.111
Morning Tribune 1946-1949,Morning Tribune,morningtribune19470811-1,11 August 1947,16,morningtribune19470811-1.2.115,A. DENIAL,"A. DENIAL NANKING. Aug. 10.— Dr. Lo Lo Lung-chi. spokesman of the Democratic League China's third largest political party v.h'ch refuses to co-operate wi-h the National Qoverrment today denied local pre.-.s repor-:&gt; that the League, has presented o memorardum appealing to General A. C. Wedemeyi-r"" to kt op aid to",Democratic League; Lo Lung-chi,https://eresources.nlb.gov.sg/newspapers/digitised/article/morningtribune19470811-1.2.115
Morning Tribune 1946-1949,Morning Tribune,morningtribune19471111-1,11 November 1947,1,morningtribune19471111-1.2.10,"""RISE AGAINST NANKING DICTATORSHIP"" APPEAL","""RISE AGAINST NANKING DICTATORSHIP"" APPEAL w m NANKING, Nov. 10. The southern branch of the China Democratic League, which was recently outlawed by the Chinese Government and then ''voluntarily"" dissolved, issued a statemcrtt today calling on all members, both in China and abroad, ""to rise and unit'j themselves us one",China Democratic League; Democratic League,https://eresources.nlb.gov.sg/newspapers/digitised/article/morningtribune19471111-1.2.10
Malaya Tribune 1945-1949,Malaya Tribune,maltribune19460412-1,12 April 1946,1,maltribune19460412-1.2.9,Manchuria: Plan To End Strife Rejected,"Manchuria: Plan To End Strife Rejected Reuter. CHUNGKING, Apr. 11.—A three-point peace plan to end the spreading civil strife in Manchuria was today rejected by the Chinese Central Government though accepted by the Communists. The plan was put forward by Shang Hlan, leader of China's third party, the Democratic League,",Democratic League,https://eresources.nlb.gov.sg/newspapers/digitised/article/maltribune19460412-1.2.9
Malaya Tribune 1945-1949,Malaya Tribune,maltribune19490513-1,13 May 1949,4,maltribune19490513-1.2.48,THE MASTER MIND,THE MASTER MIND WE cannot restrain a sneaking regard lor the bureaucratic master mind (or master minds) who drafted the official statement withdrawing exemption from registtation from the Kuomintang and the China Democratic League. It is a reminder that the Singapore Government has not been corrupted by the current lashion,China Democratic League; Democratic League,https://eresources.nlb.gov.sg/newspapers/digitised/article/maltribune19490513-1.2.48
Malaya Tribune 1945-1949,Malaya Tribune,maltribune19451113-1,13 November 1945,4/1,maltribune19451113-1.2.12,China's Third Party May Break Deadlock,"China's Third Party May Break Deadlock Reuter. CHUNGKING.Nov.iI. China's third political party— the Liberal Democratic League, a federation of six political bodies anc non-party members has participated for the first time in the negotiations between the Kuomintang and Communists, and there i? hope that the League's interventions may break the",Democratic League,https://eresources.nlb.gov.sg/newspapers/digitised/article/maltribune19451113-1.2.12
Indian Daily Mail 1949-1953,Indian Daily Mail,indiandailymail19490513-1,13-May-49,4,indiandailymail19490513-1.2.61,CHINA DEMOCRATIC  LEAGUE DECLARED  UNLAWFUL,"CHINA DEMOCRATIC LEAGUE DECLARED UNLAWFUL Whereas, in ihv opimi u ol the ili-,ii v ommissioner iii t ouncil, tut la Democratic League is being used and is imeiy tu be used for a purpose incompatible with the good order and welfare ol i ederation &lt;&gt;i Malaya, aw iii^n Commissioner in",China Democratic League; Democratic League,https://eresources.nlb.gov.sg/newspapers/digitised/article/indiandailymail19490513-1.2.61
Morning Tribune 1946-1949,Morning Tribune,morningtribune19480514-1,14 May 1948,1,morningtribune19480514-1.2.13,SPORE REDS LAUNCH ANTI-CHIANG WEEK,"SPORE REDS LAUNCH ANTI-CHIANG WEEK (Tribune Staff Reporter) Anti-Chiang Kit Bhek Week, launched by Sin&lt;jipore Leftist organisation* led by the China Democratic League, following a public meeting on May 4. started yesterday, icith further met tings and demonstrations. The Nan Chiau Jit Poh. Singapore Leftist Chines* daily brought out a",China Democratic League; Democratic League,https://eresources.nlb.gov.sg/newspapers/digitised/article/morningtribune19480514-1.2.13
Malaya Tribune 1945-1949,Malaya Tribune,maltribune19460415-1,15 April 1946,2/3,maltribune19460415-1.2.30,Compromise Hopes In Chungking,"Compromise Hopes In Chungking A P CHUNGKING, Apr. 14.—The Chinese Governnu nt has reportedly offered to compromise with the Chinese Coram tinistl n Manchuria, and once more opt mism began pi eping through the gloom that has ever hung Chungking. Kuomintang leaders met with heads of the Democratic League, which",Democratic League,https://eresources.nlb.gov.sg/newspapers/digitised/article/maltribune19460415-1.2.30
Indian Daily Mail 1946-1947,Indian Daily Mail,indiandailymail19470815-1,15 August 1947,6,indiandailymail19470815-1.2.27,"Message From The Director, China Democratic  League, Singapore","Message From The Director, China Democratic League, Singapore You will be pleased to know that on the occasion of the Inauguration of the Dominions of India and Pakis tan, which will, no doubt, lay the foundaion for the liberation of the 400 million people of India, the reaction of this",China Democratic League; Democratic League,https://eresources.nlb.gov.sg/newspapers/digitised/article/indiandailymail19470815-1.2.27
Morning Tribune 1946-1949,Morning Tribune,morningtribune19460715-1,15 July 1946,1,morningtribune19460715-1.2.4,Untitled,"NANKING. July 13. Chinese despatchM from KunminU .-&gt;aid On Saturday that Democratic leader Li Kung-pu was assassinated as he descended from a bus near Ms home. One tUfped WEa held. Li was one of the celebrated ""seven gentlemen"" imprisoned by the Japanese Government, prior to the war because of their",Li Kung-pu,https://eresources.nlb.gov.sg/newspapers/digitised/article/morningtribune19460715-1.2.4
Malaya Tribune 1945-1949,Malaya Tribune,maltribune19470816-1,16 August 1947,5,maltribune19470816-1.2.41,Chinese Greetings,"Chinese Greetings Tho Singapore Office Of the China Democratic League has sent the message to Mr. John A. Thivy, Representa ttve of tho Government of India •On the occasion of the inauguration of the Dominions of India and Pakistan which will lay the toundiU'on for the liberation of the 400-million",China Democratic League; Democratic League,https://eresources.nlb.gov.sg/newspapers/digitised/article/maltribune19470816-1.2.41
Malaya Tribune 1945-1949,Malaya Tribune,maltribune19460316-1,16 March 1946,2/3,maltribune19460316-1.2.33,Untitled,"All those who have enrolled themselves in the Singapore General Labour Union, Indian New Democratic League and I.N.A. Defence and Relief Committee in connection with Pandit Nehru's visit, are requested to assemble at the Singapore General Labour Union premises in Short Street, on Saturday at 5 p.m.",Democratic League,https://eresources.nlb.gov.sg/newspapers/digitised/article/maltribune19460316-1.2.33
Malaya Tribune 1945-1949,Malaya Tribune,maltribune19480217-1,17 February 1948,3,maltribune19480217-1.2.59,POLITICAL EVOLUTION OF MALAYA HAS BEGUN,"POLITICAL EVOLUTION OF MALAYA HAS BEGUN (From Our Own Reporter) MALACCA. Feb. 16. The new China Democratic League of Malacca held an extraordinary meeting today at which the new political status of Malaya was discussed. The Chairman of the meeting. Mr. Chin Koon Yeow, at the conclusion of the deliberations,",China Democratic League; Democratic League,https://eresources.nlb.gov.sg/newspapers/digitised/article/maltribune19480217-1.2.59
Malaya Tribune 1945-1949,Malaya Tribune,maltribune19470818-1,18 August 1947,8,maltribune19470818-1.2.114,Peace Necessary,"Peace Necessary U.P. SHANGHAI, Aug. 17. The well-kn &gt;wn philosopher Chang Tung Sun. secretary general oi the Democratic League v/liich reiused to participate in the preterit government and concurrently leader of the reform grou|i in the Democratic Socialist party, asserted today that ""United States aid to China will only be",Democratic League,https://eresources.nlb.gov.sg/newspapers/digitised/article/maltribune19470818-1.2.114
Malaya Tribune 1945-1949,Malaya Tribune,maltribune19471118-1,18 November 1947,5,maltribune19471118-1.2.63,CONCESSION TO BANNED LEAGUE,"CONCESSION TO BANNED LEAGUE Reuter—AAP. NANKING. Nov. 17.—An important member of the Kuomintang said last night that the Kuomintang party would consider a request by the outlawed Democratic League to form a new party and would promise every assistance t v former League memtors. qY The new party, when formed",Democratic League,https://eresources.nlb.gov.sg/newspapers/digitised/article/maltribune19471118-1.2.63
Malaya Tribune 1945-1949,Malaya Tribune,maltribune19470819-1,19 August 1947,3,maltribune19470819-1.2.41,Chinese seek release of Author in Sumatra,Chinese seek release of Author in Sumatra (Tribune Staff Reporter) Tne China Democratic League in SingaDCre has just approached the Dutch Consul-General here. Mr. A. M. L. Wmkelman to mediate for the release of the famous Chinese author Wang Jen Su. who was arrested in Sumatra by the Dutch military,China Democratic League; Democratic League,https://eresources.nlb.gov.sg/newspapers/digitised/article/maltribune19470819-1.2.41
Malaya Tribune 1945-1949,Malaya Tribune,maltribune19460319-1,19 March 1946,4/1,maltribune19460319-1.2.5,Indians Desire An Education Centre,"Indians Desire An Education Centre In East Asia and particularly in Malaya the political awakening of Indian Youth has been unique, states a memorandum submitted to Panditji Nehru by the New Democratic League of Indians. But without any organised effort the spirit is likely to die out; the ushering in",Democratic League,https://eresources.nlb.gov.sg/newspapers/digitised/article/maltribune19460319-1.2.5
Sunday Tribune 1945-1950,Sunday Tribune (Singapore),sundaytribune19471102-1,2 November 1947,2,sundaytribune19471102-1.2.45,"S'pore Branch Of, C. D. L. To Continue, Despite Nanking Ban","S'pore Branch Of, C. D. L. To Continue, Despite Nanking Ban (Sunday Tribune Staff Reporter) ihe decision to continue the activities of the China Democratic League was unanimously agreed upon m an emergency meeting of the Sending Commit cc of the Malayan Branch Headquarters hold m Singapi.e following the announcement",China Democratic League; Democratic League,https://eresources.nlb.gov.sg/newspapers/digitised/article/sundaytribune19471102-1.2.45
Morning Tribune 1946-1949,Morning Tribune,morningtribune19470820-1,20 August 1947,7,morningtribune19470820-1.2.45,Chinese seek release of Author in Sumatra,"Chinese seek release of Author in Sumatra (Tribune Staft 1 Reporter) Th» n a Democratic League m Singapore has. just ap iched the Dutch Consul-General her Mr. A. M. L Wmkelman, to m.-diate for the release of the t;tm &gt;us Chinese author Wang Jen Su. who was arrested m Sumatra",Democratic League,https://eresources.nlb.gov.sg/newspapers/digitised/article/morningtribune19470820-1.2.45
Indian Daily Mail 1946-1947,Indian Daily Mail,indiandailymail19460320-1,20 March 1946,2,indiandailymail19460320-1.2.4,China's Charter Of Freedom,"China's Charter Of Freedom C himgkingi March 18. -A charter of freedom for the national reconstruction of China has been drawn up by an All Party Conference, comprising representatives of the Communist, the Democratic League and Youth Party as well as those of President Chiang Kai-shek's government! writes Doom Campbell,",Democratic League,https://eresources.nlb.gov.sg/newspapers/digitised/article/indiandailymail19460320-1.2.4
Malaya Tribune 1945-1949,Malaya Tribune,maltribune19460320-1,20 March 1946,2/3,maltribune19460320-1.2.19,CHINA'S MAGNA CARTA,"CHINA'S MAGNA CARTA By Doon Campbell, Reuter's Correspondent Chungking—A charter of freedom for the national reconstruction of China has been drawn up by an All Party Conference, comprising representatives of the Communist, the Democratic League and Youth Party as well as those of President Chiang Kaishek's government. After centuries of",Democratic League,https://eresources.nlb.gov.sg/newspapers/digitised/article/maltribune19460320-1.2.19
Malaya Tribune 1945-1949,Malaya Tribune,maltribune19480221-1,21 February 1948,5,maltribune19480221-1.2.52,POLITICAL EVOLUTION OF MALAYA HAS BEGUN,"POLITICAL EVOLUTION OF MALAYA HAS BEGUN MALACCA. FEB 19. The new China Democratic League «f Malacca held an extraordinary meeting at which the new i&gt;olitical status of Malaya was discussed. The Chairman of the meet- i -ng, Mr. Chin Koon Yeow. at the conclusion of the deliberations, declared: ""With the",China Democratic League; Democratic League,https://eresources.nlb.gov.sg/newspapers/digitised/article/maltribune19480221-1.2.52
Morning Tribune 1946-1949,Morning Tribune,morningtribune19480721-1,21 July 1948,16,morningtribune19480721-1.2.142,REDS IN BURMA PREPA TO INVADE CHINA,"REDS IN BURMA PREPA TO INVADE CHINA Nanking. July 20. Chinese reports here today quoted a Kunming Garrison communique J as saying that the Burma chap- ter of the Democratic League l is now organising an armed force m Registan, bordering the south-weptern province of Yunnan. Democratic League members m",Democratic League,https://eresources.nlb.gov.sg/newspapers/digitised/article/morningtribune19480721-1.2.142
Sunday Tribune 1945-1950,Sunday Tribune (Singapore),sundaytribune19451021-1,21 October 1945,1,sundaytribune19451021-1.2.2,Coalition Government For China Urged,"Coalition Government For China Urged Democratic League Issue Manifesto i NGAPORE Radio reported last night that the [new Democratic League i China has issued a hnijesto urging the est s.s scon as pes oi a coalition govern ment in China. The inifesto was issued alter a League C, n ven",Democratic League,https://eresources.nlb.gov.sg/newspapers/digitised/article/sundaytribune19451021-1.2.2
Indian Daily Mail 1946-1947,Indian Daily Mail,indiandailymail19461021-1,21 October 1946,4,indiandailymail19461021-1.2.49,Local Chinese Launch 'Quit China Week' Today,"Local Chinese Launch 'Quit China Week' Today In response to the movement in Shanghai, Chungking and some American cities, the Singapore Chinese Federation for Peace and Democracy in China, an organisation sponsored and formed by the China Democratic League, the Chinese Committee of the Federation of the Trade Unions, the",China Democratic League; Democratic League,https://eresources.nlb.gov.sg/newspapers/digitised/article/indiandailymail19461021-1.2.49
Malaya Tribune 1945-1949,Malaya Tribune,maltribune19460522-1,22 May 1946,2,maltribune19460522-1.2.24,China Democrat In Penang,"China Democrat In Penang (Tribune Correspondent) PENANG. May 20.—With a view to organising a branch here, Mr. Aw Siew Ec, representative of the China Democratic League of South China, has arrrived here. Having left China early in April for Singapore where he made good progress, the object of his Malayan",China Democratic League; Democratic League,https://eresources.nlb.gov.sg/newspapers/digitised/article/maltribune19460522-1.2.24
Malaya Tribune 1945-1949,Malaya Tribune,maltribune19451022-1,22 October 1945,4/1,maltribune19451022-1.2.3,MR. TAN KAH KEE ACCLAIMED LEADER AT MASS RALLY,"MR. TAN KAH KEE ACCLAIMED LEADER AT MASS RALLY TJNANIMOUS requests were made by representatives of the Kuomintang, Communist, and China Democratic League Parties in Singapore that Mr. Tan Kah Kee continue to be the leader of the oversea: Chinese in Malaya at a mass rally of over 10,000 Chinese",China Democratic League; Democratic League,https://eresources.nlb.gov.sg/newspapers/digitised/article/maltribune19451022-1.2.3
Malaya Tribune 1945-1949,Malaya Tribune,maltribune19480623-1,23 June 1948,3,maltribune19480623-1.2.40,NO INTERFERENCE IN LOCAL POLITICS,"NO INTERFERENCE IN LOCAL POLITICS AN RRAMPH n^ M^ N Ji? SUED YESTERDAY THE MALAYDEMOCRATIC LEAGUE EMS£a*S V* ll AND WOULD NEVER INTERFERE IN THE INTERNAL POLITICS OF MALAYA. It stated that its only task was to rally overseas Chinese to support the democratic movement in China, but because of",Democratic League,https://eresources.nlb.gov.sg/newspapers/digitised/article/maltribune19480623-1.2.40
Malaya Tribune 1945-1949,Malaya Tribune,maltribune19461024-1,24 October 1946,1,maltribune19461024-1.2.9,"20,000 Sign ""Quit China"" Petition","20,000 Sign ""Quit China"" Petition Over 20.000 signatures have been obtained in a 'Quit China"" letter to President Truman, to be sent by t!,t Singapore Chinese Federation for Peace and Democracy in China, .in organization recently formed by the China Democratic League, the Hokien Association, the Chinese Committee of the",China Democratic League; Democratic League,https://eresources.nlb.gov.sg/newspapers/digitised/article/maltribune19461024-1.2.9
Indian Daily Mail 1949-1953,Indian Daily Mail,indiandailymail19490524-1,24-May-49,3,indiandailymail19490524-1.2.42,Malayan Administration Carrying'On Anti-Chinese Policy?,"Malayan Administration Carrying'On Anti-Chinese Policy? peiping Radio Accusation ping oi China Democratic league Also criticised Hay 'l lu Chinese Commup] opa tunaa guns agauuu int an%were accused of ""carrying olicy."" i: a series oi protest ayamsl the mapathy, Â«&gt;"""""" as an \hna!/&lt;i- i' charged Uanapatny I e d by ttritisn",China Democratic League; Democratic League,https://eresources.nlb.gov.sg/newspapers/digitised/article/indiandailymail19490524-1.2.42
Malaya Tribune 1945-1949,Malaya Tribune,maltribune19460425-1,25 April 1946,4,maltribune19460425-1.2.45,Mr. A. N. Mitra,"Mr. A. N. Mitra At a meeting of the New Democratic League of Indians on April 21, at the Singapore Municipal and Government Employees Labour Union, Race Course Lane Mr. A. N.- M tra, was elected President in place of Mr. C. D. Nair who is leaving for India.",Democratic League,https://eresources.nlb.gov.sg/newspapers/digitised/article/maltribune19460425-1.2.45
Malaya Tribune 1945-1949,Malaya Tribune,maltribune19460625-1,25 June 1946,5,maltribune19460625-1.2.83,Peace Delegates Beaten Up,"Peace Delegates Beaten Up NANKING. June 24.—A howling mob assaulted and beat the ""peace delegates"" at Nanking's railroad station, resulting in slight injuries to the members of the delegation. Hie delegation, one democratic League member, and three Chinese reporters were taken to hospital. The gendarmes made no arrests. Chinese communists",Democratic League,https://eresources.nlb.gov.sg/newspapers/digitised/article/maltribune19460625-1.2.83
Morning Tribune 1946-1949,Morning Tribune,morningtribune19460625-1,25 June 1946,1,morningtribune19460625-1.2.3,Peace  Delegates  Beaten Up,"Peace Delegates Beaten Up NANKING. June 24.— A howling mob assaulted and beat the ""peace delegates"" at Nanking's railroad station, resulting m sligU lr. Juries to the members of the delegation. The delegation, one democratic League member, and three Chinese reporters were taken to hospital. The gendarmes made no arrests.",Democratic League,https://eresources.nlb.gov.sg/newspapers/digitised/article/morningtribune19460625-1.2.3
Indian Daily Mail 1946-1947,Indian Daily Mail,indiandailymail19461025-1,25 October 1946,4,indiandailymail19461025-1.2.65,"""QUIT CHINA WEEK""  20,000 Chinese Have  Already Signed Petition  To Truman","""QUIT CHINA WEEK"" 20,000 Chinese Have Already Signed Petition To Truman The inauguration meeting of the 'Singapore Chinese Federation tor Peace and Democracy in China."" an organisation recently formed by the China Democratic League, the Hokkicn Association, the Chinese Committee of the Federation of the Trades Unions and many other",China Democratic League; Democratic League,https://eresources.nlb.gov.sg/newspapers/digitised/article/indiandailymail19461025-1.2.65
Morning Tribune 1946-1949,Morning Tribune,morningtribune19480526-1,26 May 1948,1,morningtribune19480526-1.2.6,EX-DAIF ORCE MEN SEEK POLITICAL REFUGE HERE,"EX-DAIF ORCE MEN SEEK POLITICAL REFUGE HERE iTiiKunr Staff Reporter) Mr. Tan Kah Kee well-known Strait* Chinese leader, is m communication with the Singa- pore Government to secure po- j litical refuge for two members Of the China Democratic League .Messrs. Shao Chung Han and Fei Ciiung Tung of Malayan",China Democratic League; Democratic League,https://eresources.nlb.gov.sg/newspapers/digitised/article/morningtribune19480526-1.2.6
Sunday Tribune 1945-1950,Sunday Tribune (Singapore),sundaytribune19471026-1,26 October 1947,6,sundaytribune19471026-1.2.52,The Far East And The Next World War,"The Far East And The Next World War shanghai. General Douglas Mac Arthurs policy of ""imdisgubted support of Japan"" is attacked as a ""very dangerous policy, more dangerous even thap toyirc with atomic bombs,* 1 by Mr. Huang Ycn-pei. educator and a leader of the Democratic League Chii a\s third",Democratic League,https://eresources.nlb.gov.sg/newspapers/digitised/article/sundaytribune19471026-1.2.52
Malaya Tribune 1945-1949,Malaya Tribune,maltribune19470428-1,28 April 1947,5,maltribune19470428-1.2.60,WFDL DELEGATES' SURPRISD VISIT,"WFDL DELEGATES' SURPRISD VISIT Th. three representatives of the World Federation ol Democratic League. Mr. M. Rajko Tomovic, Miss Olga Tchetchetkma and Mr. M. Jean Lautissier. who recently arrived in Singapore, pu:d a surprise visit to the Maytair Musical and Dramatic Association on Saturday night. Member., of the Association and",Democratic League,https://eresources.nlb.gov.sg/newspapers/digitised/article/maltribune19470428-1.2.60
Malaya Tribune 1945-1949,Malaya Tribune,maltribune19460128-1,28 January 1946,4/1,maltribune19460128-1.2.13,Democratic League Causes New Hitch In China Talks,"Democratic League Causes New Hitch In China Talks Associated Press. CHUNGKING, Jan. 27.—The withdrawal of the Democratic League from the Political Consultation Conference caused the cancellation of meetings scheduled for today of sub-committees dealing with the national assembly and reorganization of government. The League went on strike as a protest",Democratic League,https://eresources.nlb.gov.sg/newspapers/digitised/article/maltribune19460128-1.2.13
Malaya Tribune 1945-1949,Malaya Tribune,maltribune19460128-1,28 January 1946,2/3,maltribune19460128-1.2.25,TALKS ON REORGANIZATION OF CHINESE GOVERNMENT,"TALKS ON REORGANIZATION OF CHINESE GOVERNMENT Reuter. CHUNGKING, Jan. 26—After a midnight meeting with Wang Shichieh, Chinese Foreign Minister, Dr. Lo Lung-chi, Democratic League spokesman, said the Foreign Minister made two offers in an eleventh hour bid to break the deadlock in the reorganization of the Chinese Government. The offers",Democratic League; Lo Lung-chi,https://eresources.nlb.gov.sg/newspapers/digitised/article/maltribune19460128-1.2.25
Sunday Tribune 1945-1950,Sunday Tribune (Singapore),sundaytribune19460728-1,28 July 1946,5,sundaytribune19460728-1.2.43,Kuomintang Blamed For Deadlock,"Kuomintang Blamed For Deadlock SHANGHAI, .fulv 26. The refusal &lt;&gt;i (he Gffemment tcj diacOSS palitical problems is the chief reason for tin 1 ii :.&lt;5 ock In the peace nesotiations between the Knosttintaiif (Nationalist) Party and the Cbnunvnists, state leaders of t r i &lt;- Democratic League. China's influen'iai third",Democratic League,https://eresources.nlb.gov.sg/newspapers/digitised/article/sundaytribune19460728-1.2.43
Indian Daily Mail 1946-1947,Indian Daily Mail,indiandailymail19461028-1,28 October 1946,4,indiandailymail19461028-1.2.32,'International' Rally in Singapore urges Americans Quit China,"'International' Rally in Singapore urges Americans Quit China China Democratic League-sponsored demands that the United States withdrew troops from China were supported hy Malay, Indian, Indonesian and Eurasian spokesn.en al an ""international rally"" Saturday in the ""Quit China Week"" campaign of the Federation for Veace and Democracy in China. The",China Democratic League; Democratic League,https://eresources.nlb.gov.sg/newspapers/digitised/article/indiandailymail19461028-1.2.32
Malaya Tribune 1945-1949,Malaya Tribune,maltribune19470429-1,29 April 1947,8,maltribune19470429-1.2.119,TALKS FOR YOUTH,"TALKS FOR YOUTH The World Federation of Democratic League's representatives. Mr. M. Rajko Tomovic. Miss Olga Tchetcfu tkina and Mr. M. J an Lautissier who are on a short stay in Singapore have been invited by various local youtil organisations of all communities to speak on sublets of inter, st",Democratic League,https://eresources.nlb.gov.sg/newspapers/digitised/article/maltribune19470429-1.2.119
Malaya Tribune 1945-1949,Malaya Tribune,maltribune19461029-1,29 October 1946,5,maltribune19461029-1.2.61,Democrats Have New Formula To End War,"Democrats Have New Formula To End War A.P. NANKING. Oct. 28.—L0 Lungchi, spokesman of the Democratic League, announced here yesterday ♦hat a formula has been worked nut I y eight representatives of the League and the Youth Party to end China's civil war. He said as soon as Generalissimo Chiang",Democratic League,https://eresources.nlb.gov.sg/newspapers/digitised/article/maltribune19461029-1.2.61
Indian Daily Mail 1946-1947,Indian Daily Mail,indiandailymail19471029-1,29 October 1947,4,indiandailymail19471029-1.2.45,CHINA DEMOCRATIC LEAGUE OUTLAWED,"CHINA DEMOCRATIC LEAGUE OUTLAWED SHANGHAI, Oct. 28— The Chinese Government has outlaw e&lt;/ the Democra/ic League, China's third largest political party with a large membership overseas, especially Malaya. According to the Central News, a Ministry of the Interior spokesman in Nanking, charging the League with conuucting suoM'rsive activities in associa/ion",China Democratic League; Democratic League,https://eresources.nlb.gov.sg/newspapers/digitised/article/indiandailymail19471029-1.2.45
Indian Daily Mail 1946-1947,Indian Daily Mail,indiandailymail19471029-1,29 October 1947,4,indiandailymail19471029-1.2.46,Untitled,"NANKING, Oct. 28.— The Democratic League spokesman, Lo Lungchi, told pressmen today that the Government's ban on the league was a ""climax to the Government's plan to stamp out all opposition before the elections"". Lo Lung-chi, called on the United States Ambassador Mr. Sta_n^ afternoon and lU voi Meanwnile. ln&gt;",Democratic League; Lo Lung-chi,https://eresources.nlb.gov.sg/newspapers/digitised/article/indiandailymail19471029-1.2.46
Morning Tribune 1946-1949,Morning Tribune,morningtribune19471029-1,29 October 1947,1,morningtribune19471029-1.2.13,CHINESE GO VERNMENT OUTLAWS DEMOCRATIC LEAGUE,"CHINESE GO VERNMENT OUTL AWS DEMOCRATIC LEAGUE Following the report &lt;&gt;t the Chinese Government's outlawing of the China Democratic League, the Committee of the local branch of the League are expecting instructions from their Nanking head office, on receipt of which they will meet to discuss the situation A Reuter",China Democratic League; Democratic League,https://eresources.nlb.gov.sg/newspapers/digitised/article/morningtribune19471029-1.2.13
Malaya Tribune 1945-1949,Malaya Tribune,maltribune19470929-1,29 September 1947,6,maltribune19470929-1.2.59,China Democratic League Plans Pan-Malayan H. Q.,"China Democratic League Plans Pan-Malayan H. Q. (Tribune Staff RepJrter) Tilt' China Democratic league In Singapore is hoM-ng a threeday Pan-Malayan conference lo celebrate its first anniversary here. Addressing the general assembly, which opened last Saturday, Mr. Hu Yue Tse, Chairman, explained the formation of the organisation overseas. He alleged",China Democratic League; Democratic League,https://eresources.nlb.gov.sg/newspapers/digitised/article/maltribune19470929-1.2.59
Morning Tribune 1946-1949,Morning Tribune,morningtribune19470929-1,29 September 1947,4,morningtribune19470929-1.2.47,China Democratic League Plans To Establish Pan-Malayan H.Q.,"China Democratic League Plans To Establish Pan- Malayan H.Q. (Tribune Staff Remrter\ h( &gt; i foi I 01 med Hu i s Headquart I up m \|&gt;. last y ly, branched have been hed in diati th: &ti !i;i Oi Ihe tin. e-day c&lt; &gt;nfei i n&lt; to difrusß ways",China Democratic League; Democratic League,https://eresources.nlb.gov.sg/newspapers/digitised/article/morningtribune19470929-1.2.47
Malaya Tribune 1945-1949,Malaya Tribune,maltribune19480703-1,3 July 1948,2,maltribune19480703-1.2.33,Rights Of Overseas Chinese,"Rights Of Overseas Chinese The Secretariat of the China/ Democratic League has issued a stacement declaring that 1 subject to the observance of the law and order of tae countries In which they live, overseas Chinese have the right to take part in their own patriotic political movement. It is",Democratic League,https://eresources.nlb.gov.sg/newspapers/digitised/article/maltribune19480703-1.2.33
Indian Daily Mail 1946-1947,Indian Daily Mail,indiandailymail19460603-1,3 June 1946,4,indiandailymail19460603-1.2.37,IMMEDIATE  ENFRANCHISEMENT OF INDIANS URGED,"IMMEDIATE ENFRANCHISEMENT OF INDIANS URGED London, June I. A manifesto demanding the immediate enfranchisement of the Indian people has been issued by the newly formed IndoBritish Democratic League. ""Recognition of this immediate necessity for the solution of India's political and economic problems is, however, not enough,"" the manifesto lays. ""What",Democratic League,https://eresources.nlb.gov.sg/newspapers/digitised/article/indiandailymail19460603-1.2.37
Malaya Tribune 1945-1949,Malaya Tribune,maltribune19460603-1,3 June 1946,7,maltribune19460603-1.2.92,Demand For The Vote Immediately,"Demand For The Vote Immediately Reuter. LONDON, June I.—A manifesto demanding the immediate enfranchisement of the Indian people has been issued by the newly formed lndo-British Democratic League. ""Recognition of this immediate necessity for the solution of India's political and economic problems is, however, not enough,"" the manifesto ,&lt;=ays. ""What",Democratic League,https://eresources.nlb.gov.sg/newspapers/digitised/article/maltribune19460603-1.2.92
Morning Tribune 1946-1949,Morning Tribune,morningtribune19471003-1,3 October 1947,15,morningtribune19471003-1.2.158,Blast Against Democratic League Hint Kuomintang May Outlaw It,"Blast Against Democratic League Hint Kuomintang May Outlaw It Government Information Director, Holllng- ft tion &lt;&gt;t the Democratic League today was mmedlate Government action, ,itv. Which is now th»- only o""-aru/.ed ODDOKuomintang china political Mai h ii nut timer &gt; inifi pi*many man the palgn nee time the DeNanking, able",Democratic League,https://eresources.nlb.gov.sg/newspapers/digitised/article/morningtribune19471003-1.2.158
Malaya Tribune 1945-1949,Malaya Tribune,maltribune19461030-1,30 October 1946,5,maltribune19461030-1.2.73,China: New Hope,"China: New Hope A.P. NANKING, Oct. 29.—A formula evolved by third party mediatois is believed to have been the principal subject of an important secret meeting between 1 high-ranking Government officials at Generalissimo Chiang Kai-shek's residence last night. Lo Lung-chi, spokesman of Democratic League, said today: ""There is some hope",Democratic League; Lo Lung-chi,https://eresources.nlb.gov.sg/newspapers/digitised/article/maltribune19461030-1.2.73
Indian Daily Mail 1946-1947,Indian Daily Mail,indiandailymail19471030-1,30 October 1947,3,indiandailymail19471030-1.2.34,China Democratic League Outlawed,China Democratic League Outlawed The Third Largest Political Party With (luge Following In Malaya |4RG I OF DEFIANCE OF NANKING GOVT. BY 1 MALAYAN BRANCH spokesman of the Ministry of the the outlawing of the Democratic Leanest party in China with a large membertlly in Malax a said it had,China Democratic League; Democratic League,https://eresources.nlb.gov.sg/newspapers/digitised/article/indiandailymail19471030-1.2.34
Malaya Tribune 1945-1949,Malaya Tribune,maltribune19471030-1,30 October 1947,6,maltribune19471030-1.2.81,S'hai Police take Over Democratic League I lqrs.,"S'hai Police take Over Democratic League I lqrs. Reuter. SHANGHAI. Oct. 29 -The Sharghai pohce have received lnstructiors to take over the Democratic League headquarters in the former Frei eh Conces- i lion. i Mtmbers of the Leaeue. in- eluding its Preside; t, charg 1 Lan, are under close police",Democratic League,https://eresources.nlb.gov.sg/newspapers/digitised/article/maltribune19471030-1.2.81
Morning Tribune 1946-1949,Morning Tribune,morningtribune19470930-1,30 September 1947,4,morningtribune19470930-1.2.53,"""U.S. Prolonging Civil War In China By Aiding Kuomintang""","""U.S. Prolonging Civil War In China By Aiding Kuomintang"" achieve Chirm muat h gn polU y. fiet 1 1 cm the irable influence of r poli&lt; &gt; ""Imperialist Policy"" Flayed By China Democratic league Chairman (Tribune Staff Reporter) Pan-Malayan conference oj iiu 1 China Demoi s headquarters tnally established in",China Democratic League; Democratic League,https://eresources.nlb.gov.sg/newspapers/digitised/article/morningtribune19470930-1.2.53
Morning Tribune 1946-1949,Morning Tribune,morningtribune19461231-1,31 December 1946,4,morningtribune19461231-1.2.37,MINORITY PARTIES,"MINORITY PARTIES NANKING: Doc. 29.— The Crete r miration of the Democratic League ono of the minority pftrtiei which boycotted the recent National Assembly— not to participate mi n the forthcoming reorganisation of government was announced by Dr. Lo Lung-chi, spokesman of the Party, according to the Chinese press. Dr.",Democratic League; Lo Lung-chi,https://eresources.nlb.gov.sg/newspapers/digitised/article/morningtribune19461231-1.2.37
Malaya Tribune 1945-1949,Malaya Tribune,maltribune19461031-1,31 October 1946,7,maltribune19461031-1.2.94,China As-You-Were,"China As-You-Were Reuter. NANKING. Oct. 30.- The Democratic League. China's third party, have withdrawn their cease-fire proposal which they had delivered to the Government and the Communists as well as to General Marshall. Lo Lung Cnl, the League spokesman said: 'Almost immediately after our cease fireproposal went out. we found",Democratic League,https://eresources.nlb.gov.sg/newspapers/digitised/article/maltribune19461031-1.2.94
Indian Daily Mail 1946-1947,Indian Daily Mail,indiandailymail19471031-1,31 October 1947,1,indiandailymail19471031-1.2.18,DEMOCRATIC LEAGUE  MEMBERS TO  LEE?,"DEMOCRATIC LEAGUE MEMBERS TO LEE? NANKING, Oct. 30.- jtoumintang Vic-Ministtr of Information, Mi Tao Shi-shen, in an interview pri h the official Central Daily News i&gt;»&lt;--dicted that Democratic Leagac m&lt; ben will attempt to flee to llanchu Hong Kong and Macao, and UJ th*' authoritiei to take steyi, to prevent",Democratic League,https://eresources.nlb.gov.sg/newspapers/digitised/article/indiandailymail19471031-1.2.18
Indian Daily Mail 1946-1947,Indian Daily Mail,indiandailymail19471031-1,31 October 1947,4,indiandailymail19471031-1.2.50,"""It Will Have Profound Effects Abroad""","""It Will Have Profound Effects Abroad"" OUTLAWING OF UKMOCKATIC JLEAGU- SHANGHAI, Oct. 30. Neutral observers warned today that tne gover'iii. in outlawing 01 the Democratic League the last Opposition party m China would have proiound ettects abroad unless the government showed beyond doubt that the League was actually part ol",Democratic League,https://eresources.nlb.gov.sg/newspapers/digitised/article/indiandailymail19471031-1.2.50
Morning Tribune 1946-1949,Morning Tribune,morningtribune19471104-1,4 November 1947,9,morningtribune19471104-1.2.69,Sequel To Democratic League Ban,"Sequel To Democratic League Ban SHANGHAI. Nov J. The former prem^s of the ComS"" chief negotiator, cnou Fnlai m the ex-French ConleL on here, was tun ed over [o^he sSai ghai Municipal Oc veri merit ve.Urda.v by NBH HoaHquarters. The communist property had been linear the custody of thr Democratic",Democratic League,https://eresources.nlb.gov.sg/newspapers/digitised/article/morningtribune19471104-1.2.69
Morning Tribune 1946-1949,Morning Tribune,morningtribune19480105-1,5 January 1948,15,morningtribune19480105-1.2.110,China Political  Party In Burma,"China Political Party In Burma RAaSGOON. Jan. 3 The China Democratic League. Chinas third largest political party, today established its Burma branch m Rangoon's Chinatown and selected a committee of seven local Chinese businessmen and journalists Tne brancn will co-ordinate its activities with the Party's overseas offices m other South-East",China Democratic League; Democratic League,https://eresources.nlb.gov.sg/newspapers/digitised/article/morningtribune19480105-1.2.110
Malaya Tribune 1945-1949,Malaya Tribune,maltribune19490705-1,5 July 1949,1,maltribune19490705-1.2.6,RED CHINA SEEKS SHARE IN JAP TREATY,"RED CHINA SEEKS SHARE IN JAP TREATY SAN FRANCISCO Mon. Communist Peiping Radio today claimed the right of the ""people's democratic new China"" to sit in on the drafting of a Japanese peace treaty. Quoting Shen Chun-ju, a high-ranking member of the Democratic Leagues Standing Committee, the broadcast said that",Democratic League,https://eresources.nlb.gov.sg/newspapers/digitised/article/maltribune19490705-1.2.6
Malaya Tribune 1945-1949,Malaya Tribune,maltribune19480505-1,5 May 1948,2,maltribune19480505-1.2.36,Leftist Chinese Reject Chiang's Election,"Leftist Chinese Reject Chiang's Election Chiang Kai-shek's election as the first President of the Republic of China was rejected as unconstitutional at a meeting of representatives of 120 leftist Singapore Chinese organisations held at the Seamen's Union in Seah Street yesterday afternoon. The meeting, organised by the China Democratic League",China Democratic League; Democratic League,https://eresources.nlb.gov.sg/newspapers/digitised/article/maltribune19480505-1.2.36
Morning Tribune 1946-1949,Morning Tribune,morningtribune19471105-1,5 November 1947,4,morningtribune19471105-1.2.37.1,Dynamiting The Bridge,"Dynamiting The Bridge The outlawing of the Chines, Demociadc League serves to underline the fact that the Nanking Government has decided to fight the Red, to a finish, until now ihe existence of the Democratic League as a bridge between :he Reds ana the Nationalists had kept alive the hope",Democratic League,https://eresources.nlb.gov.sg/newspapers/digitised/article/morningtribune19471105-1.2.37.1
Indian Daily Mail 1949-1953,Indian Daily Mail,indiandailymail19490706-1,6-Jul-49,3,indiandailymail19490706-1.2.49,COMMUNIST CHINA DEMANDS EARLY WITHDRAWAL OF U.S. FORCES FROM JAPAN,"COMMUNIST CHINA DEMANDS EARLY WITHDRAWAL OF U.S. FORCES FROM JAPAN SAN FRANCISCO, July :&gt;. Communist Peiping Radio yesterday claimed the right of the ""people's democratic new China"" to sit in on the drafting of a Japanese peace treaty. Quoting Shen Chun-ju. a high-, ran&ing member of the Democratic Leagues Standing",Democratic League,https://eresources.nlb.gov.sg/newspapers/digitised/article/indiandailymail19490706-1.2.49
Morning Tribune 1946-1949,Morning Tribune,morningtribune19480807-1,7 August 1948,1,morningtribune19480807-1.2.10,CHINA INVASION REPORT DENIED,"CHINA INVASION REPORT DENIED Rangoon, Aug. 6.— The China Democratic League, outlawed by the Chinese Government, today denied that it was organising an armed force on the Burma border for a possible invasion of China. It is described reports to this effect as ""an invention by the reactionary Nanking Government.""-",China Democratic League; Democratic League,https://eresources.nlb.gov.sg/newspapers/digitised/article/morningtribune19480807-1.2.10
Malaya Tribune 1945-1949,Malaya Tribune,maltribune19480507-1,7 May 1948,1,maltribune19480507-1.2.3,ANTI-CHIANG WEEK HERE,"ANTI-CHIANG WEEK HERE in* Democratic League and i tin r Chinese organizain Singapore are holding an anti-Chiang Kai-shek week from May 13 to 19. gramme includes isopaganda pamphlets and pecial editions of the Nan I'ao setting forth the of President Chiang during the past 20 years, eviow that his election",Democratic League,https://eresources.nlb.gov.sg/newspapers/digitised/article/maltribune19480507-1.2.3
Malaya Tribune 1945-1949,Malaya Tribune,maltribune19460108-1,8 January 1946,2/3,maltribune19460108-1.2.35,Singapore Indians Hail Delhi Decision,"Singapore Indians Hail Delhi Decision SINGAPORE, To-day Two important resolutions were passed at a meeting of the ""New Democratic League of Indians."" The iirst appealed to the 8.M.A., to release ""those Indians who are now detained on charges of collaboration with the enemy during the period of Japanese occupation."" The",Democratic League,https://eresources.nlb.gov.sg/newspapers/digitised/article/maltribune19460108-1.2.35
Morning Tribune 1946-1949,Morning Tribune,morningtribune19460608-1,8 June 1946,12,morningtribune19460608-1.2.119,S'pore Chinese Cable Truman,"S'pore Chinese Cable Truman An appeal for the early withdrawal of all American troop s from China and to refrain from rendering any military or financial aid to cither side in the Civil War. was cabled io Presiden: Truman by the Singa. pore Committee of the China Democratic League, on",China Democratic League; Democratic League,https://eresources.nlb.gov.sg/newspapers/digitised/article/morningtribune19460608-1.2.119
