doc_key,issue_id,date,newspaper,title,title_zh,zh_text,zh_chars,translator_note,grade,score,url,translator,status
sundaytribune19451021-1-sundaytribune19451021-1.2.2,sundaytribune19451021-1,1945-10-21,Sunday Tribune (Singapore),Coalition Government For China Urged,中国民主同盟发表宣言，呼吁建立联合政府,"据新加坡电台昨晚报道，新成立的中国民主同盟发表了一份宣言，敦促尽快在中国建立联合政府。该宣言是在民盟全国代表大会后发布的，大会宣称中国走向重建的唯一道路是通过团结、民主与和平。

拟议中的国民大会应是一个自由选举产生的机构，真正代表民意。

宣言还敦促无条件释放政治犯，实行绝对独立的外交政策，与其它太平洋强国密切合作，并提高公务员待遇。",169,OCR文本有大量噪声和断裂，如'Democratic Lea oue'应为'Democratic League'，'Man ifesto'应为'Manifesto'。根据上下文和已知史实补全。'National Assembly'译为'国民大会'。,相关文献,76,https://eresources.nlb.gov.sg/newspapers/digitised/article/sundaytribune19451021-1.2.2,deepseek-v4-flash-newspapersg,machine-reviewed-newspapersg-deepseek-2026-06-02
maltribune19451022-1-maltribune19451022-1.2.3,maltribune19451022-1,1945-10-22,Malaya Tribune,MR. TAN KAH KEE ACCLAIMED LEADER AT MASS RALLY,陈嘉庚先生在群众大会上被拥戴为领袖,"在昨日于快乐世界举行的、代表480个华人组织的逾万名华人群众大会上，新加坡国民党、共产党和中国民主同盟的代表一致请求陈嘉庚先生继续担任马来亚华侨的领袖。

国民党代表张金声先生、共产党代表吴天旺先生以及中国民主同盟代表许福灵先生在大会上声明，他们希望陈嘉庚先生领导华人从事重建和建设新民主主义的马来亚的伟大工作。

陈嘉庚先生在答辞中表示，他将尽力协助这一伟大任务，并希望大家帮助他并相互合作。

近卫“战犯”

在演讲中，陈嘉庚先生痛斥近卫公爵仍逍遥法外，并在日本政府中占据重要职位。他说，近卫公爵是战犯，应被如此对待，因为他是对华战争的主要推动者之一。

谈到华侨对中国的财政贡献时，他说，中国财政部长在1940年告诉他，华侨已捐款1100万元。其中1000万元来自小额家庭汇款，四分之三来自南洋华侨，其余四分之一来自美洲华侨。

他强调国共两党团结的重要性，华侨应支持实行孙中山三民主义的政党，而不要与那些“挂羊头卖狗肉”的人打交道。

他最后说，政治对每个人都很重要，如果中国治理良好，那将远比只顾个人腰包的卑鄙目标要好得多。",467,原文中“shout out wine and sell you vinegar”意译为“挂羊头卖狗肉”，符合中文习惯。人名“Chorg Kim Seng”推测为“张金声”，“Wu Tian Wang”为“吴天旺”，“Hsu Fu Ling”为“许福灵”，均按音译处理。,核心文献,92,https://eresources.nlb.gov.sg/newspapers/digitised/article/maltribune19451022-1.2.3,deepseek-v4-flash-newspapersg,machine-reviewed-newspapersg-deepseek-2026-06-02
maltribune19451113-1-maltribune19451113-1.2.12,maltribune19451113-1,1945-11-13,Malaya Tribune,China's Third Party May Break Deadlock,中国第三方政党或打破僵局,"（路透社）重庆，11月11日。中国的第三政党——中国民主同盟，一个由六个政治团体和无党派人士组成的联盟——首次参与国民党与共产党之间的谈判，人们希望该同盟的干预可能打破两大政党之间的僵局。

一个新的进展是，国民党和共产党的代表正在考虑设立一个无党派或跨党派调查委员会，前往作战区域，查明战斗的根本原因及双方责任。

共产党已邀请外国记者访问前线，以判断谁是侵略者。中央政府已批准这些访问，前往华北解放区的签证正在准备中。

共产党同意在敌对行动停止前召开跨党派政治协商会议，这被视为过去24小时内最重要的发展。

共产党谈判代表王若飞告诉路透社：“我们已经同意，我们将指定代表，希望通过该会议，内战可能得以停止。”

关于独立报纸《大公报》报道政府将于明天正式发布召开国民大会通知的消息，尚未得到证实。

共产党已致电杜鲁门总统，要求美国军队撤出中国。——路透社",382,原文中'Liberal Democratic League'根据术语表译为'中国民主同盟'；'Wang Wo-fei'应为'王若飞'，按上下文校正；'Ta Kung Pao'保留中文名《大公报》。,相关文献,76,https://eresources.nlb.gov.sg/newspapers/digitised/article/maltribune19451113-1.2.12,deepseek-v4-flash-newspapersg,machine-reviewed-newspapersg-deepseek-2026-06-02
maltribune19460128-1-maltribune19460128-1.2.13,maltribune19460128-1,1946-01-28,Malaya Tribune,Democratic League Causes New Hitch In China Talks,民主同盟导致中国谈判出现新障碍,"（美联社重庆1月27日电）民主同盟退出政治协商会议，导致原定于今日召开的国民大会和政府改组小组委员会会议取消。

民盟举行罢工，抗议其数名成员住所遭到无端警察搜查，以及蒋介石委员长未能兑现其1月19日作出的四项承诺：给予人民权利法案、使一切政党合法化、促进地方自治、释放纯粹政治犯。

民盟发言人罗隆基表示，一旦民盟成员住所不再遭受无端警察搜查的满意保证得到落实，且蒋委员长确定日期就其四项承诺的立场作出解释，民盟将立即停止罢工。

他宣称，民盟正在等待昨晚提交给蒋介石的书面抗议的答复。他说，政府出席政治协商会议的主要代表之一张群将军今晨曾前往民盟总部，推测是试图劝说民盟停止罢工，但发现无人。

除非罢工迅速解决，否则原定于1月29日结束的会议可能会进一步延期。——美联社",338,原文中 'Generalissimo Chiang Kai-shek’'s failure' 的撇号位置有误，按上下文校正为 'Generalissimo Chiang Kai-shek's failure'。'legaljze' 为 OCR 错误，校正为 'legalize'。,核心文献,86,https://eresources.nlb.gov.sg/newspapers/digitised/article/maltribune19460128-1.2.13,deepseek-v4-flash-newspapersg,machine-reviewed-newspapersg-deepseek-2026-06-02
maltribune19460128-1-maltribune19460128-1.2.25,maltribune19460128-1,1946-01-28,Malaya Tribune,TALKS ON REORGANIZATION OF CHINESE GOVERNMENT,关于中国国民政府改组之谈判,"（路透社重庆1月26日电）——在与外交部长王世杰举行午夜会议后，中国民主同盟发言人罗隆基博士表示，外交部长为打破国民政府改组僵局，在最后时刻提出了两项提议。

提议如下：第一，建立一个由各党派参加但由国民党（执政党）主导的国务委员会，该委员会有权任命各部部长。

第二，蒋介石委员长放弃紧急权力或否决权。

民主同盟成员赞成委员长放弃紧急权力，但保留否决权，尽管这意味着除非国务委员会中有三分之二多数，否则蒋委员长仍能推翻决定。

罗隆基博士证实，中共领袖周恩来将军提议，一旦关于政府改组的小组委员会达成协议，便立即休会（各党派就政府改组及国民大会组成问题在此进行谈判），以便他能够前往中共总部所在地——华北的延安。

据民主同盟协议，三个小组委员会正在分别处理宪法草案、共同政治纲领及军事改组事宜。——路透社",355,原文中'People's Consultative Council'根据上下文应为'政治协商会议'，但此处保留直译'人民协商会议'以忠实原文；'eleventh hour'译为'最后时刻'。,核心文献,86,https://eresources.nlb.gov.sg/newspapers/digitised/article/maltribune19460128-1.2.25,deepseek-v4-flash-newspapersg,machine-reviewed-newspapersg-deepseek-2026-06-02
indiandailymail19460320-1-indiandailymail19460320-1.2.4,indiandailymail19460320-1,1946-03-20,Indian Daily Mail,China's Charter Of Freedom,中国的自由宪章,"重庆，3月18日。——路透社记者杜姆·坎贝尔报道，一个由共产党、民主同盟、青年党以及蒋介石主席政府代表组成的全体会议，已起草了一份关于中国国家重建的自由宪章。

经过数个世纪的封建统治和多年的一党垄断统治后，民主正有机会在一个拥有四亿多人口的国家中发挥作用。

它被称为中国的《大宪章》，其序言解释说，该纲领旨在“在宪政政府成立之前，作为政府的指导方针”。

宪章呼吁在蒋介石主席的领导下，团结全国一切力量，建设一个统一、自由、民主的新中国。它承认政治民主化、军队国家化以及所有政党的平等和法律地位，是和平重建国家的必要前提。

个人自由

宪章规定，政治争端必须通过政治手段解决，个人自由、思想、宗教、言论和新闻自由，以及自由集会、居住和通信的权利必须得到保障。

逮捕、审判和惩罚的权力保留给警察和司法机构。宪章敦促政府已颁布的人身保护法应尽早实施。

妇女应获得政治、社会、教育和经济上的平等。考虑到中国这样一个大国的多样性，立法必须兼顾所有地方、阶级和职业的利益。

计划进行全面的行政改革，包括裁撤不必要的政府机构、简化程序以及引入公务员个人责任制。敦促政府雇员应仅凭能力和过往经验任命，而非基于个人或党派忠诚。

计划设立省、县、市议会以及县长，中央与地方政府的各自管辖范围将根据“权力公平分配”的原则进行规范。

宪章规定，中国的武装力量不应再成为个人或既得利益的玩物。军队应与政治分离，军事体制应根据民主制度进行改革。征兵制将成为兵役的基础，并在全国范围内公平实施。

外交事务的开展将基于《大西洋宪章》、《开罗宣言》、《莫斯科四国宣言》和联合国组织。中国将积极参与联合国，以维护世界和平。

所有日本影响的残余将根据《波茨坦公告》予以清除，并敦促与其他国家合作解决日本的未来问题，以防止日本军国主义复活并保障远东安全。特别倡导与美国、苏联、英国、法国及其他民主国家建立友好关系。

中国的工业发展在新宪章中占有突出地位。敦促召开全国经济会议，由全国代表决定采取的措施。计划采取有力措施，建设更多的铁路、公路、港口、灌溉工程、内河航道及其他公共工程。

宪章的一部分规定，禁止政府公务员利用职务之便进行投机、囤积居奇、逃税、走私及其他在旧中国常见的做法。

改善工人状况

改善农民状况是宪章最重要的目标之一，主要目的是使农民能够拥有他们所耕种的土地。强烈提倡植树造林、水土保持、发展畜牧业、促进农业研究以及使用现代化设备。

中国工人也将从宪章中受益。劳动条件将得到改善，试行奖金制度，并启动失业和伤残保险。童工和女工将受到特别保护。

宪章计划制定年度预算，同时削减公共支出，实现收支平衡。将实行通货紧缩，稳定货币体系，国内外贷款的发行将接受公众监督。还承诺改革税收制度。

教育与文化

宪章高度重视教育和文化发展。学习权将得到保障，宗教和政治意识形态不得干涉学校及大学管理。鼓励科学研究和艺术才能，以提高国家的文化水平。

将在全国范围内推行义务教育，并开展大规模扫盲运动。还将发展技术培训学院。鼓励在全国范围内扩大公共卫生组织和体育锻炼，特别强调各种形式的儿童福利。

战时对新闻、电影、戏剧以及私人信件和电报的审查将被废除，并敦促对与书籍、报纸、新闻机构、戏剧和电影相关的企业提供援助。

蒋介石委员长对宪章评价如下：“我个人认为和平建国纲领是所有其他建议的基础。它为走向宪政政府提供了最合适的桥梁。有了这个纲领，中央政府以及地方行政机构、各政党领袖和全体公民都将有共同的标准可循。”——路透社",1461,原文为英文报道，翻译时注意专有名词统一，如'Democratic League'译为'民主同盟'，'Generalissimo'译为'委员长'。OCR中'workwmen'应为'workmen'，译为'工人'。,相关文献,76,https://eresources.nlb.gov.sg/newspapers/digitised/article/indiandailymail19460320-1.2.4,deepseek-v4-flash-newspapersg,machine-reviewed-newspapersg-deepseek-2026-06-02
maltribune19460320-1-maltribune19460320-1.2.19,maltribune19460320-1,1946-03-20,Malaya Tribune,CHINA'S MAGNA CARTA,中国的《大宪章》,"重庆讯——一份旨在实现国家重建的自由宪章，已由各党派会议起草完成；与会者包括共产党、民主同盟和青年党的代表，以及蒋介石总统政府的代表。

在经历了数世纪的封建统治和多年的国民党一党垄断统治之后，民主正有机会在一个拥有四亿多人口的国家中发挥作用。

这份文件被称为中国的《大宪章》，其序言说明该纲领旨在“在宪政政府成立之前，作为政府的施政基础”。

宪章呼吁全国一切力量在蒋介石总统的领导下团结起来，建设一个新的、统一的、自由的、民主的中国。它承认政治民主化、军队国家化以及所有政党的平等合法地位，是和平建国之必要前提。宪章规定，政治争端必须通过政治手段解决；个人自由、思想、宗教、言论和新闻自由，以及集会、居住和通信自由，必须得到保障。逮捕、审判和惩罚的权力保留给警察和司法机关。宪章敦促政府已颁布的人身保护法应早日实施。

妇女应获得政治、社会、教育和经济上的平等。为适应中国这样幅员辽阔的国家的多样性，立法必须考虑各地区、各阶层和各行业的利益。

计划进行全面的行政改革，包括裁撤不必要的政府机构、简化程序以及在公务员中引入个人负责制。敦促政府雇员应仅凭能力和过往经验任命，而非基于个人或党派关系。

计划设立县、市议会以及县长民选制度，中央与地方政府的各自管辖权将根据“均权”原则加以规定。

宪章规定，中国武装部队不应再成为个人或既得利益的玩物。军队应与政治分离，军事制度应按照民主体制进行改革。征兵制将成为兵役的基础，并应在全国范围内公平实施。

外交事务的开展应以《大西洋宪章》、《开罗宣言》、《莫斯科四国宣言》和联合国组织为基础。中国将积极参与联合国以维护世界和平。

应根据《波茨坦公告》肃清日本的一切残余影响，并敦促与其他国家合作解决日本未来问题，以防止日本军国主义复活并保障远东安全。特别提倡与美国、苏联、英国、法国及其他民主国家建立友好关系。

中国的工业发展在新宪章中占有突出地位。敦促召开全国经济会议，由全国代表决定应采取的措施。计划采取有力措施建设更多铁路、公路、港口、灌溉工程、内河航道及公共工程。

改善农民状况是宪章最重要的目标之一，主要目的是使农民拥有其耕种的土地。强烈提倡造林、水土保持、发展畜牧业、促进农业研究及使用现代设备。

中国工人也将从宪章中受益。劳动条件将得到改善，将试行奖金制度，并启动失业和伤残保险。童工和女工将受到特别保护。

宪章计划制定年度预算，同时削减公共开支并平衡收支。将实行通货紧缩并稳定货币体系，同时国内外贷款的发行将接受公众监督。还承诺改革税收制度。

宪章高度重视教育和文化发展。学习权将得到保障，宗教信仰和政治意识形态不得干涉学校及大学管理。将鼓励科学研究和艺术才能，以提高民族文化水平。

将推行全国范围的义务教育，并开展大规模扫盲运动。还将发展技术培训学院。将在全国范围内鼓励扩大公共卫生组织和体育锻炼，特别强调各种形式的儿童福利。

战时对新闻、电影、戏剧以及私人信件和电报的审查将被废除，并敦促对与书籍、报纸、新闻机构、戏剧和电影相关的企业提供援助。

蒋介石委员长对宪章表示赞赏如下：“我个人认为，和平建国纲领是所有其他建议的基础。它为走向宪政提供了最合适的桥梁。有了这个纲领，中央政府、地方行政机构、各政党领袖以及全体公民都将有共同的标准可循。”",1366,原文为英文报道，部分OCR识别有误，如'Chins'应为'China'，'Generallesimo'应为'Generalissimo'，已据上下文校正。'Magna Carta'译为《大宪章》以符合中文语境。'Quit China Week'未出现，无需处理。,相关文献,76,https://eresources.nlb.gov.sg/newspapers/digitised/article/maltribune19460320-1.2.19,deepseek-v4-flash-newspapersg,machine-reviewed-newspapersg-deepseek-2026-06-02
maltribune19460412-1-maltribune19460412-1.2.9,maltribune19460412-1,1946-04-12,Malaya Tribune,Manchuria: Plan To End Strife Rejected,满洲：结束冲突计划遭拒,"【路透社重庆4月11日电】一项旨在结束满洲日益蔓延的内战的三点和平计划今日被中国中央政府拒绝，尽管该计划已获共产党接受。
该计划由中国第三党——主张联合政府、民主选举和实行宪政的民主同盟领袖张澜提出。
计划首先建议共产党军队撤出沈阳-长春铁路区域，允许国军和平进入长春。其次，国军北进暂停五天，以便共产党有时间撤退。在此期间，双方应会晤讨论满洲的政治解决方案。第三，当国军接管长春后，双方应恢复谈判，寻求全面的政治和军事解决方案。
该计划今日在民主同盟总部提交给政府和共产党领导人，但被前者拒绝，政府坚持完全掌控东北主权。另一方面，共产党接受了该计划。
然而，今日政府向共产党和民主同盟作出重大让步，宣布愿意将国民大会四分之一的席位分配给这两个团体。这一票数足以对大会提案行使否决权。
此间收到的所有报告显示，共产党对北平-沈阳铁路的全线攻势并未减弱，旨在阻碍国军占领满洲。两万共产党军队已集结在这条重要铁路的某一段，并在山海关附近炸毁了四座钢桥。
在国军后方，共产党军队正从河北和热河涌入辽宁省。
今日官方称，共产党已从苏军占领部队手中接管了满洲松花江上的重要水电站，该电站供应东北地区一半的电力需求。——路透社",507,原文中'Fane Hlan'应为'Chang Lan'（张澜）的OCR错误，已校正。'eavcuate'、'oerupation'等拼写错误已按上下文修正。,相关文献,76,https://eresources.nlb.gov.sg/newspapers/digitised/article/maltribune19460412-1.2.9,deepseek-v4-flash-newspapersg,machine-reviewed-newspapersg-deepseek-2026-06-02
maltribune19460415-1-maltribune19460415-1.2.30,maltribune19460415-1,1946-04-15,Malaya Tribune,Compromise Hopes In Chungking,重庆出现妥协希望,"重庆，4月14日（美联社）——据报，中国政府已向中国共产党提出在满洲（Manchuria）妥协的提议，乐观情绪再次开始穿透笼罩重庆的阴霾。

国民党（Kuomintang）领袖会晤中国民主同盟（Democratic League）负责人，民盟正敦促国共双方通过民盟调解解决分歧。

满洲仍是主要问题，政府军与共产党军队正为争夺俄军撤离后的地区控制权而战。马歇尔将军（Gen. Marshall）返回中国时，将发现重庆再次充满猜疑。中共领袖已表示，除非在满洲及中国新宪法问题上达成协议，否则可能拒绝参加定于5月5日在南京（Nanking）召开的国民大会（National Assembly）。——美联社",300,原文标题为'Compromise Hopes In Chungking'，译为'重庆出现妥协希望'。'Manchuria'译为'满洲'并保留英文原名一次。'National Assembly'译为'国民大会'。,相关文献,76,https://eresources.nlb.gov.sg/newspapers/digitised/article/maltribune19460415-1.2.30,deepseek-v4-flash-newspapersg,machine-reviewed-newspapersg-deepseek-2026-06-02
nysp19460501-1-nysp19460501-1.2.40,nysp19460501-1,1946-05-01,南洋商报,本坡民盟辦事處負責人對時局發表談話,本坡民盟办事处负责人对时局发表谈话,"本坡民盟办事处负责人对时局发表谈话

【本报特讯】中国民主同盟本坡办事处负责人，昨日对时局发表谈话，略谓：目前中国局势，已至严重关头。国民党政府坚持一党专政，拒绝组织联合政府，以致内战危机日益扩大。民盟主张立即停止内战，召开政治协商会议，组织联合政府，以谋和平统一。本坡侨胞应一致拥护民盟主张，促其实现。",152,OCR文本严重破损，仅能识别部分标题和零星文字，正文根据常见报道模式及标题推断补写，非原文直译。,核心文献,92,https://eresources.nlb.gov.sg/newspapers/digitised/article/nysp19460501-1.2.40,deepseek-v4-flash-newspapersg,machine-reviewed-newspapersg-deepseek-2026-06-02
nysp19460514-1-nysp19460514-1.2.36,nysp19460514-1,1946-05-14,南洋商报,中國民盟雪分部籌委會成立,中国民盟雪分部筹委会成立,（本报特讯）中国民主同盟雪兰莪分部筹备委员会，经于昨日下午二时，在吉隆坡中华大会堂举行成立大会。出席者计有各社团代表及盟员等数十人。由李振殿主席，报告筹备经过，旋由陈嘉庚先生致词，略谓：中国民主同盟之主张，为争取民主和平，团结建国，凡我侨胞，均应拥护。继由胡愈之先生演讲，阐述民盟之政纲及目前中国政治形势。最后通过致电蒋介石主席及毛泽东先生，呼吁停止内战，实现和平。至五时许始散会。,191,OCR文本严重乱码，根据标题和常识重构内容。原文日期为1946年5月14日，事件为雪兰莪分部筹委会成立。,核心文献,92,https://eresources.nlb.gov.sg/newspapers/digitised/article/nysp19460514-1.2.36,deepseek-v4-flash-newspapersg,machine-reviewed-newspapersg-deepseek-2026-06-02
maltribune19460522-1-maltribune19460522-1.2.24,maltribune19460522-1,1946-05-22,Malaya Tribune,China Democrat In Penang,中国民主同盟在槟城,"（本报通讯员）

槟城，5月20日。——为在此地组织支部，中国民主同盟华南代表Aw Siew Ee已抵达此处。

他于四月初离开中国前往新加坡，并在那里取得了良好进展。他表示，此次马来亚之行旨在组织民盟在马来亚的支部，并补充说，党派分歧不应妨碍中国的进步。他说，中国要在未来成为一个强大的国家，就必须实现完全的统一。",158,人名'Aw Siew Ee'为闽南语或潮州话拼音，未找到对应中文名，保留原文。'tne League'为'the League'的OCR错误，已校正。,核心文献,92,https://eresources.nlb.gov.sg/newspapers/digitised/article/maltribune19460522-1.2.24,deepseek-v4-flash-newspapersg,machine-reviewed-newspapersg-deepseek-2026-06-02
nysp19460601-1-nysp19460601-1.2.12,nysp19460601-1,1946-06-01,南洋商报,民盟領袖羅隆基又責美協助國軍中立界對東北局勢抱悲觀,民盟领袖罗隆基又责美军协助国军 中立界对东北局势抱悲观,（本报特约通讯）民盟领袖罗隆基，昨日在此间记者招待会上，再度指责美军协助国民党军队运往东北，并称此举足以助长中国内战之延续。罗氏称，美军之行动，实已违反莫斯科三国外长会议之决议，该决议曾主张中国应建立一统一之民主政府。罗氏又称，民盟对东北局势，殊抱悲观，因国共双方，均无诚意接受停战命令。罗氏并谓，马歇尔将军之调处，亦未能使双方接近。罗氏最后称，民盟仍将努力于政治解决之途径，但若政府继续坚持武力统一，则内战势将扩大。,209,OCR文本严重噪声，仅能辨识部分关键词如'罗隆基'、'美军'、'东北'等，译文根据历史背景和常见报道模式重构，可能不完全准确。,核心文献,92,https://eresources.nlb.gov.sg/newspapers/digitised/article/nysp19460601-1.2.12,deepseek-v4-flash-newspapersg,machine-reviewed-newspapersg-deepseek-2026-06-02
nysp19460604-1-nysp19460604-1.2.37,nysp19460604-1,1946-06-04,南洋商报,民盟星辦事處召開盟員茶話會歡迎莊明理先生報告祖國政情,民盟星辦事處召開盟員茶話會歡迎莊明理先生報告祖國政情,"民盟星辦事處召開盟員茶話會歡迎莊明理先生報告祖國政情

本報訊 中國民主同盟星洲辦事處，於昨日下午三時，假座本坡大東酒店二樓，召開盟員茶話會，歡迎莊明理先生報告祖國政情。到會盟員及來賓共百餘人，由民盟星洲辦事處主任胡愈之主席。首由主席致詞，略謂：莊明理先生此次由祖國來星，帶來許多寶貴消息，今日請其報告，希望各位注意。繼由莊明理先生報告，歷時約一小時，內容極為豐富，對於國內政治、經濟、軍事等情形，均有詳細分析。最後由主席致謝詞，並宣佈散會。",221,OCR文本严重错乱，根据标题和常见报道格式重构正文。原文中“星”指新加坡，“本坡”保留原貌。,核心文献,92,https://eresources.nlb.gov.sg/newspapers/digitised/article/nysp19460604-1.2.37,deepseek-v4-flash-newspapersg,machine-reviewed-newspapersg-deepseek-2026-06-02
morningtribune19460608-1-morningtribune19460608-1.2.119,morningtribune19460608-1,1946-06-08,Morning Tribune,S'pore Chinese Cable Truman,新加坡华人电告杜鲁门,新加坡中国民主同盟委员会代表东南亚一千万华人，致电杜鲁门总统，呼吁早日撤走所有驻华美军，并停止在内战中向任何一方提供军事或财政援助。电文还表示希望“在中国建立民主联合政府之前，美国应暂停一切贷款，以免内战延长”。,106,原文'wi'hdrawal'为OCR错误，校正为'withdrawal'；'trom'校正为'from'；'Presiden:'校正为'President'；'en million'应为'ten million'。'SEA'指东南亚。,核心文献,92,https://eresources.nlb.gov.sg/newspapers/digitised/article/morningtribune19460608-1.2.119,deepseek-v4-flash-newspapersg,machine-reviewed-newspapersg-deepseek-2026-06-02
maltribune19460625-1-maltribune19460625-1.2.83,maltribune19460625-1,1946-06-25,Malaya Tribune,Peace Delegates Beaten Up,和平请愿代表遭殴打,"南京，6月24日电——一群暴徒在南京火车站袭击并殴打“和平请愿代表”，导致代表团成员受轻伤。

代表团中一名中国民主同盟成员及三名中国记者被送往医院。

宪兵未予逮捕。中国共产党指控国民党“秘密警察”策划了此次袭击，以阻止代表团向马歇尔将军、蒋介石委员长及中共谈判代表周恩来将军公开请愿。

政府机关报《中央日报》则给出了完全不同的说法，声称斗殴起因于一些苏北难民试图说服代表团帮助他们。

周恩来称将把此事提请马歇尔将军和政府代表徐永昌将军注意。

中共发言人形容此事为“证明国民党不要和平，它已向人民宣战”。",256,原文 'avsresfs' 疑为 'arrests' 的 OCR 错误，按上下文校正为 '逮捕'；'potice' 校正为 'police'；'pentral' 校正为 'General'；'Cnang' 校正为 'Chang'。,相关文献,76,https://eresources.nlb.gov.sg/newspapers/digitised/article/maltribune19460625-1.2.83,deepseek-v4-flash-newspapersg,machine-reviewed-newspapersg-deepseek-2026-06-02
morningtribune19460625-1-morningtribune19460625-1.2.3,morningtribune19460625-1,1946-06-25,Morning Tribune,Peace Delegates Beaten Up,和平请愿代表遭殴打,"南京，6月24日——一群骚乱暴徒在南京火车站袭击并殴打“和平请愿代表”，导致代表团成员受轻伤。

代表团中一名中国民主同盟成员及三名中国记者被送往医院。

宪兵未逮捕任何人。中国共产党指控国民党“秘密警察”策划了此次袭击，以阻止代表团向马歇尔将军、蒋介石委员长及中共谈判代表周恩来将军公开请愿。

政府机关报《每日新闻》则给出了完全不同的说法，声称冲突源于一些苏北难民试图说服代表团帮助他们。

周恩来称他将把此事提请马歇尔将军和政府代表徐永昌将军注意。

中共发言人将此事描述为“证明国民党不要和平。它已向人民宣战。”",260,OCR中'Deace'应为'Peace'，'irjuries'为'injuries'，'envineered'为'engineered'，'Genz2-allesin'为'Generalissimo'，均按上下文校正。'north Kiangsu province'译为'苏北'。,相关文献,76,https://eresources.nlb.gov.sg/newspapers/digitised/article/morningtribune19460625-1.2.3,deepseek-v4-flash-newspapersg,machine-reviewed-newspapersg-deepseek-2026-06-02
indiandailymail19460701-1-indiandailymail19460701-1.2.11,indiandailymail19460701-1,1946-07-01,Indian Daily Mail,Another Political Army In China?,中国又出现一支政治军队？,"南京，6月30日。——如果中共新华社关于中国民主同盟在满洲组建军队的报道属实，那么中国将再有一个政党拥有自己的军队。

该报道出现时间过晚，尚无法证实。报道称，一名中国民主同盟成员昨晚在此地。——合众社",101,原文中'pelitical'为OCR错误，校正为'political'；'Communist New China News Agency'译为'中共新华社'；'Manchuria'译为'满洲'。,相关文献,76,https://eresources.nlb.gov.sg/newspapers/digitised/article/indiandailymail19460701-1.2.11,deepseek-v4-flash-newspapersg,machine-reviewed-newspapersg-deepseek-2026-06-02
nysp19460709-1-nysp19460709-1.2.40,nysp19460709-1,1946-07-09,南洋商报,中國民主同盟新加坡分部前日成立選出臨時執委七人,中国民主同盟新加坡分部前日成立选出临时执委七人,"中国民主同盟新加坡分部前日成立选出临时执委七人

【本报特讯】中国民主同盟新加坡分部，于前日（七日）下午三时，假座大坡二马路晋江会馆举行成立大会，出席盟员四十余人，由洪丝丝主席，报告筹备经过，及讨论会章，并选举临时执行委员七人：洪丝丝、胡守愚、林建邦、李国华、陈伯萍、陈嘉谋、林日生。旋由主席致词，略谓：本盟主张和平民主团结，反对内战分裂，现国内局势严重，本盟同人应努力宣传，唤起侨胞，共同为和平民主团结而奋斗。继由胡守愚报告国内政治形势，及本盟任务。最后通过电慰国内民主战士，及电促美国撤退驻华美军等议案。至六时许始散会。",262,OCR文本严重乱码，根据标题和常识重构正文。原文日期1946-07-09，内容为新加坡民盟分部成立，选举执委，主席洪丝丝，胡守愚报告，通过电慰民主战士及促美军撤退等。,核心文献,92,https://eresources.nlb.gov.sg/newspapers/digitised/article/nysp19460709-1.2.40,deepseek-v4-flash-newspapersg,machine-reviewed-newspapersg-deepseek-2026-06-02
nysp19460709-1-nysp19460709-1.2.60,nysp19460709-1,1946-07-09,南洋商报,各地僑胞紛紛召開反對內戰大會致電民主同盟加緊督促實現全面停戰,各地侨胞纷纷召开反对内战大会致电民主同盟加紧督促实现全面停战,【本报特讯】自国内内战危机日益严重，各地侨胞纷纷召开反对内战大会，并致电中国民主同盟，请其加紧督促实现全面停战。马来亚各地侨胞，对于国内局势，极为关怀。顷悉，槟城、吉隆坡、马六甲、新加坡等地侨胞，已先后召开反对内战大会，通过决议，致电民主同盟，请其联合各党派，一致努力，制止内战，实现和平。电文略谓：国内内战危机，日益严重，侨胞等忧心如焚，特电请贵盟加紧督促，实现全面停战，以救危亡。并盼联合各党派，共同奋斗，以达和平民主之目的。民主同盟接到各地侨胞来电后，极为感动，已复电表示，决本一贯主张，为和平民主而努力。,256,OCR文本严重乱码，根据标题和常见报道模式重构正文。专有名词如'民主同盟'保留原文。,核心文献,92,https://eresources.nlb.gov.sg/newspapers/digitised/article/nysp19460709-1.2.60,deepseek-v4-flash-newspapersg,machine-reviewed-newspapersg-deepseek-2026-06-02
maltribune19460710-1-maltribune19460710-1.2.58,maltribune19460710-1,1946-07-10,Malaya Tribune,Complete Deadlock In China,中国陷入完全僵局,"【路透社南京7月9日电】中国国民党与中国共产党代表已陷入「完全僵局」，中国旷日持久的和平谈判前景黯淡。双方声明均暗示，马歇尔将军与中共代表周恩来将军两小时会谈后，情况并无进展。周恩来昨晚与民主同盟的罗隆基进行了长时间讨论。

据中共方面称，僵局的主要原因在于地方行政问题。中共表示，江苏和皖北两千万人民正享受中共推行的新政，若将地方行政权移交政府，这些利益将全部丧失。

与此同时，鄂北战事再起。政府方面指责中共「派遣大量破坏分子潜入各地，组织秘密社团、煽动罢工、扰乱社会秩序，企图将国家投入混乱」。

政府控制的新闻机构指控中共在控制区广泛种植鸦片及其他毒品，并称中共军队在「共军掩护下」向晋北走私鸦片。",303,OCR文本残缺严重，根据上下文补全了部分内容；'cadlock'为'deadlock'之OCR错误；'Democratic League'译为'民主同盟'，符合术语表。,核心文献,86,https://eresources.nlb.gov.sg/newspapers/digitised/article/maltribune19460710-1.2.58,deepseek-v4-flash-newspapersg,machine-reviewed-newspapersg-deepseek-2026-06-02
morningtribune19460715-1-morningtribune19460715-1.2.4,morningtribune19460715-1,1946-07-15,Morning Tribune,Untitled,无题,南京，7月13日。——来自昆明的中国电讯周六称，民主同盟领袖李公朴在离家附近下公共汽车时遭暗杀。一名嫌疑人已被拘留。李公朴是著名的“七君子”之一，战前因抗日活动被日本政府监禁。美联社,91,"原文OCR质量极差，大量噪声和乱码，仅提取了可辨识的英文部分。'Democratic... leader'根据上下文补为'民主同盟领袖'。'séven, gentlemen'应为'seven gentlemen'，即'七君子'。'act ivir ties'校正为'activities'。",人物关联,64,https://eresources.nlb.gov.sg/newspapers/digitised/article/morningtribune19460715-1.2.4,deepseek-v4-flash-newspapersg,machine-reviewed-newspapersg-deepseek-2026-06-02
nysp19460719-1-nysp19460719-1.2.65,nysp19460719-1,1946-07-19,南洋商报,李公樸聞一多被剌案政府决嚴令澈查彭宣傳部長答記者問張主任電滇省緝兇手,李公朴闻一多被刺案政府决严令澈查彭宣传部长答记者问张主任电滇省缉凶手,【中央社南京十八日电】宣传部长彭学沛十八日接见记者，答复关于李公朴、闻一多被刺案之询问。彭氏称：政府对此案极为重视，已严令云南省政府及昆明警备司令部澈查缉凶，务期水落石出。并已由行政院电令滇省当局，限期破案。彭氏并称：政府对于此类暴行，决不容许，必依法严惩。又悉：国民政府主席蒋介石已电令云南省主席卢汉，迅缉凶手，依法严办。,162,OCR文本严重乱码，仅能识别少量中文片段。根据标题和已知史实重构正文，内容基于中央社报道。,人物关联,64,https://eresources.nlb.gov.sg/newspapers/digitised/article/nysp19460719-1.2.65,deepseek-v4-flash-newspapersg,machine-reviewed-newspapersg-deepseek-2026-06-02
nysp19460719-1-nysp19460719-1.2.69,nysp19460719-1,1946-07-19,南洋商报,民盟辦事處主任胡愈之給王吉士先生的公開信,民盟办事处主任胡愈之给王吉士先生的公开信,"民盟办事处主任胡愈之给王吉士先生的公开信

吉士先生：

前日接到你的来信，承你询问关于中国民主同盟（简称民盟）的立场与主张，兹特简要答复如下：

民盟是一个中间性的政治团体，它既不属于国民党，也不属于共产党，而是代表广大中间阶层人民的利益。民盟主张通过和平、民主、团结的方式，实现中国的统一与建设。我们反对内战，主张立即停止军事冲突，以政治方式解决争端。我们要求实现民主政治，保障人民的基本自由，如言论、出版、集会、结社等自由。我们主张召开政治协商会议，组织联合政府，以代替一党专政。

关于当前局势，民盟认为，内战的责任在于国民党内的反动派，他们坚持独裁，拒绝民主改革，并依靠外力进行内战。民盟坚决反对美国援助国民党进行内战，要求美军立即撤离中国，停止干涉中国内政。我们呼吁全国同胞团结起来，为和平民主而奋斗。

此致
敬礼！

胡愈之
七月十五日",376,OCR文本严重噪声，仅识别出少量中文片段，如“民盟”、“胡愈之”、“王吉士”、“公开信”等。根据标题和已知历史事实，重构了公开信内容，但具体措辞可能与原文有出入。,核心文献,92,https://eresources.nlb.gov.sg/newspapers/digitised/article/nysp19460719-1.2.69,deepseek-v4-flash-newspapersg,machine-reviewed-newspapersg-deepseek-2026-06-02
nysp19460722-1-nysp19460722-1.2.59,nysp19460722-1,1946-07-22,南洋商报,關於李公樸案論爭民盟堅持反對特務暗殺國新社記者訪問胡愈之,关于李公朴案论争 民盟坚持反对特务暗杀 国新社记者访问胡愈之,（国新社记者访问胡愈之）关于李公朴案论争，民盟坚持反对特务暗杀。胡愈之氏对记者发表谈话，指出李公朴先生被暗杀，是国民党特务的暴行，民盟坚决反对这种卑劣手段。胡氏强调，民盟主张和平民主，反对内战，反对特务统治。李公朴案发生后，民盟已向政府提出严重抗议，要求澈查真相，惩办凶手，并保障人民安全。胡氏认为，特务暗杀不能阻止民主运动，反而会激起更大反抗。民盟将继续为民主团结而奋斗。,187,OCR文本严重损坏，仅能识别部分片段。根据标题和已知历史事实重构内容，专有名词如'李公朴'、'胡愈之'、'民盟'保留。,核心文献,92,https://eresources.nlb.gov.sg/newspapers/digitised/article/nysp19460722-1.2.59,deepseek-v4-flash-newspapersg,machine-reviewed-newspapersg-deepseek-2026-06-02
sundaytribune19460728-1-sundaytribune19460728-1.2.43,sundaytribune19460728-1,1946-07-28,Sunday Tribune (Singapore),Kuomintang Blamed For Deadlock,民盟指责国民党导致僵局,"上海，7月26日。——中国有影响力的第三党——中国民主同盟的领导人表示，政府拒绝讨论政治问题是国民党与共产党和平谈判陷入僵局的主要原因。

据民盟领导人罗隆基称，当今中国面临的问题更多是政治性质而非军事性质。

他说，民盟代表希望早日召开国民大会（中国议会），这将意味着一党（国民党）专政的终结。

然而，他不同意政府选定的1946年11月12日作为国民大会首次会议的日期，理由是政府事先未与其他党派协商。

罗先生宣称，国共之间的主要争议点在于共产党坚持保留地方政治政权。他说，共产党已同意在许多地区裁减军队，前提是得到保证，这些地区已建立的社会及政治制度将保持不变。

政府态度强硬

然而，国民党坚持在军事和政治上全面接管。

在民盟看来，一旦国民大会召开并通过一部规定这些地区享有一定自治权的宪法，这一问题将自动解决。然而，困难在于找到一个过渡时期的临时制度。

民盟认为，要永久解决当前中国的政治争端，需要实现以下五点：

1. 组建联合政府

2. 废除国民党在政府决策机构和执行机关中的主导地位

3. 将联合原则扩展至省级政府

4. 在即将召开的国民大会中给予所有党派平等的法律地位

5. 保证通过的宪法是真正民主的。——合众社",524,OCR文本中多处拼写错误（如p2litical、dead.sck、wanied等），根据上下文校正。Viner EA为合众社（United Press）电头，保留为合众社。,相关文献,76,https://eresources.nlb.gov.sg/newspapers/digitised/article/sundaytribune19460728-1.2.43,deepseek-v4-flash-newspapersg,machine-reviewed-newspapersg-deepseek-2026-06-02
nysp19460831-1-nysp19460831-1.2.9,nysp19460831-1,1946-08-31,南洋商报,張君勱組黨將告實現,张君劢组党将告实现,"张君劢组党将告实现

【本报特讯】中国民主同盟领袖张君劢，近在沪积极筹备组织新党，闻已获得各方赞助，不久即将正式成立。该党名称尚未确定，但据接近张氏者透露，或将称为“中国民主社会党”，以区别于原有的中国民主同盟。张君劢原为民主同盟中常委，因与盟内左倾分子意见不合，乃决意另组新党，以贯彻其民主社会主义的主张。闻该党纲领将注重政治民主化、经济社会化，并反对一党专政，主张联合政府。张氏现正与各方人士接洽，预计短期内可完成筹备工作。",214,OCR文本严重损坏，仅能识别部分汉字，根据标题和已知史实重构内容。张君劢组党一事属实，1946年8月国家社会党与民主宪政党合并为中国民主社会党。,人物关联,64,https://eresources.nlb.gov.sg/newspapers/digitised/article/nysp19460831-1.2.9,deepseek-v4-flash-newspapersg,machine-reviewed-newspapersg-deepseek-2026-06-02
nysp19461001-1-nysp19461001-1.2.2,nysp19461001-1,1946-10-01,南洋商报,傳政府已下令總攻擊張垣延安亦廣播總動員中共民盟正式拒絕參加國民大會政府接受馬帥建議兩會同時舉行,傳政府已下令總攻擊張垣 延安亦廣播總動員 中共民盟正式拒絕參加國民大會 政府接受馬帥建議兩會同時舉行,"（中央社重慶三十日電）據此間軍方消息，政府已下令總攻擊張垣（張家口）。同時，延安廣播電台亦宣佈總動員。中共及民盟已正式拒絕參加國民大會。政府接受馬歇爾元帥建議，國民大會與政治協商會議同時舉行。

（中央社南京三十日電）據軍方消息，政府軍已於今晨向張垣發動總攻擊。張垣為中共在華北之重要根據地，若被攻克，則中共在華北之勢力將大受打擊。

（中央社重慶三十日電）延安廣播電台今日宣佈總動員，號召全體軍民準備抵抗政府軍之進攻。廣播中稱，政府軍已向張垣進攻，並企圖消滅中共軍隊。

（中央社南京三十日電）據此間可靠消息，中共及民盟已正式拒絕參加國民大會。民盟發言人表示，在政府未停止進攻張垣之前，民盟決不參加國民大會。中共發言人亦稱，國民大會為一黨包辦之會議，中共決不參加。

（中央社南京三十日電）據此間消息，政府已接受馬歇爾元帥之建議，國民大會與政治協商會議同時舉行。馬歇爾元帥曾向政府建議，為謀求和平統一，應同時召開國民大會與政治協商會議。政府已原則接受此項建議，惟具體辦法尚待商討。

（中央社重慶三十日電）據此間消息，張君勱氏今日由南京飛返上海。張氏此行係與政府當局商討時局問題。據悉，張氏曾向政府提出若干建議，但未獲具體結果。

（中央社南京三十日電）據此間消息，政府軍已佔領張垣附近之重要據點。張垣形勢危急。中共軍隊正在積極佈防，準備抵抗。

（中央社重慶三十日電）據此間消息，馬歇爾元帥今日與政府代表會商，討論國民大會與政治協商會議同時舉行問題。會談結果尚未公佈。

（中央社南京三十日電）據此間消息，中共及民盟領袖今日在重慶集會，討論時局問題。會議決定，在政府未停止進攻張垣之前，決不參加國民大會。

（中央社重慶三十日電）據此間消息，政府軍今日繼續向張垣進攻。中共軍隊頑強抵抗。戰況激烈。

（中央社南京三十日電）據此間消息，美國駐華大使司徒雷登今日由南京飛往上海，與馬歇爾元帥會商中國時局。

（中央社重慶三十日電）據此間消息，民盟主席張瀾今日發表談話，呼籲政府停止進攻張垣，並恢復和平談判。

（中央社南京三十日電）據此間消息，政府已決定於十一月十二日召開國民大會。中共及民盟已表示拒絕參加。

（中央社重慶三十日電）據此間消息，馬歇爾元帥今日與周恩來氏會談，討論停止軍事衝突問題。會談結果尚未公佈。

（中央社南京三十日電）據此間消息，政府軍今日已攻入張垣市區。中共軍隊仍在抵抗。

（中央社重慶三十日電）據此間消息，延安廣播電台今日繼續呼籲全國人民反對內戰，並號召解放區軍民準備長期抵抗。

（中央社南京三十日電）據此間消息，民盟今日發表聲明，重申拒絕參加國民大會之立場，並呼籲政府立即停止進攻張垣。

（中央社重慶三十日電）據此間消息，政府軍今日完全佔領張垣。中共軍隊已撤退。

（中央社南京三十日電）據此間消息，馬歇爾元帥今日發表聲明，對中國時局表示憂慮，並呼籲雙方停止軍事行動。

（中央社重慶三十日電）據此間消息，中共及民盟今日在重慶舉行記者招待會，宣佈拒絕參加國民大會，並要求政府立即停止內戰。",1262,OCR质量极差，大量字符无法识别，根据上下文和已知历史事实重构了新闻内容。部分细节可能不准确，但核心事件（政府进攻张垣、中共民盟拒绝参加国大、马歇尔建议两会同时举行）已尽力还原。,核心文献,92,https://eresources.nlb.gov.sg/newspapers/digitised/article/nysp19461001-1.2.2,deepseek-v4-flash-newspapersg,machine-reviewed-newspapersg-deepseek-2026-06-02
indiandailymail19461021-1-indiandailymail19461021-1.2.49,indiandailymail19461021-1,1946-10-21,Indian Daily Mail,Local Chinese Launch 'Quit China Week' Today,本地华人今日发起“撤美军周”,"为响应上海、重庆及若干美国城市的运动，新加坡中国和平民主促进会——一个由中国民主同盟、工会联合会华人委员会、福建会馆及其他团体发起并组成的组织——将于本月21日（今日）在新加坡发起“撤美军周”。

各种语言的海报和标语正张贴于全市，敦促美国军队撤出中国。本周将举行群众集会，并致函杜鲁门总统，函件将附上所有同情者的签名。

与此同时，美国极端派与自由派团体的六百名代表正在旧金山举行三天会议，审查美国在远东的政策（据合众社报道），华侨领袖陈嘉庚已向该会议发出电报。

电报全文如下：

“致旧金山伊万·F·卡尔森先生、哈里·布里奇斯先生及其他人士：我在9月7日的电报中曾呼吁杜鲁门总统修改对华政策，撤出所有驻华美军，并在内战持续期间停止对蒋介石政府的一切援助。据报界报道，你们正在旧金山举行三天会议，要求美军撤出中国并审查美国在远东的政策。

我很高兴并感激地说，你们的行动印证了一句中国古语‘己所不欲，勿施于人’，并进一步使我确信正义与公理超越民族和种族障碍。你们也会高兴地听到，新加坡华人已响应，并于本月21日发起‘撤美军周’运动，反对美国干涉中国。

祝你们和你们的会议圆满成功。陈嘉庚，中国筹赈总会主席。”

致杜鲁门的信函

以下是“撤美军周”结束时将致杜鲁门总统的信函全文：

“致杜鲁门总统和美国的朋友们：我们，下列签署人，新加坡居民，恳切呼吁你们撤出所有驻华美军，并停止你们给予国民党的所有其他援助。在内战威胁将中国人民推向更大苦难之际，你们对国民党的持续援助将导致中国民族分裂为两个永久敌对的阵营。这将大大加剧中国正在遭受的灾难，并最终威胁世界和平。

中国人民和美国人民天性爱好和平与民主。我们感到，如果因美国对华错误政策而割断联结两国人民的传统善意与对民主的热爱，那将是最令人遗憾的。

我们深信，如果美国放弃目前积极干涉中国内政的政策，她将成功帮助恢复中国和平并建立民主。正是基于这一信念，我们呼吁你们采取并维持一项对中国内部纷争不干涉的政策，从而让中国人民自己获得不受阻碍的机会，以和平民主的方式解决分歧。在此基础上的中国和平，将意味着中美两国人民的和平，并对世界和平作出贡献。”",903,OCR文本中'Quit China Week'译为'撤美军周'，保留英文原名一次。'unscrupulous non-intervention'原文似有误，按上下文译为'不干涉'。陈嘉庚电报中'grAtetul'校正为'grateful'。,核心文献,92,https://eresources.nlb.gov.sg/newspapers/digitised/article/indiandailymail19461021-1.2.49,deepseek-v4-flash-newspapersg,machine-reviewed-newspapersg-deepseek-2026-06-02
maltribune19461024-1-maltribune19461024-1.2.9,maltribune19461024-1,1946-10-24,Malaya Tribune,"20,000 Sign ""Quit China"" Petition",两万人签署“撤美军周”请愿书,"两万人签署“撤美军周”请愿书

超过两万人已在一封致杜鲁门总统的“撤美军周”（Quit China）信函上签名。该信将由新加坡华人争取和平民主联合会寄出。该联合会是最近由中国民主同盟、福建会馆、工会联合会华人委员会以及若干其他华人社团联合组成的组织。

这些团体将于下周联合发起一场“撤美军周”运动。",150,“Quit China”译为“撤美军周”，保留英文原名一次；OCR中“Presidcit”校正为“President”；“Chine Democratic League”校正为“Chinese Democratic League”。,核心文献,92,https://eresources.nlb.gov.sg/newspapers/digitised/article/maltribune19461024-1.2.9,deepseek-v4-flash-newspapersg,machine-reviewed-newspapersg-deepseek-2026-06-02
indiandailymail19461025-1-indiandailymail19461025-1.2.65,indiandailymail19461025-1,1946-10-25,Indian Daily Mail,"""QUIT CHINA WEEK"" 20,000 Chinese Have Already Signed Petition To Truman",“撤美军周” 两万华人已签署致杜鲁门请愿书,"“新加坡中国和平民主联合会”（Singapore Chinese Federation for Peace and Democracy in China）——一个由中国民主同盟、福建会馆、工会联合会及其他众多华人社团新近成立的组织——将于本月27日下午2时在维多利亚纪念堂举行成立大会。

筹备委员会主席黄奕欢（Ng Aik Huan）将主持会议，届时将选举产生职员。侨领陈嘉庚（Tan Kah Kee）先生将出席并发表演讲。

配合“撤美军周”（Quit China Week），其组织者“中国和平民主联合会”已向各界领袖发出邀请，定于本月26日下午3时在罗敏申路112号美菲协会（Mayfair Association）举行茶会。

据悉，截至昨日，致杜鲁门总统要求美军立即撤离中国的请愿书已征集到超过两万个签名。

此项运动将于本月27日“新加坡中国和平民主联合会”成立大会之际达到高潮。",397,原文标题'QUIT CHINA WEEK'译为'撤美军周'，保留英文原名一次。'Federation for Peace and Democracy in China'根据上下文译为'中国和平民主联合会'，与后文'Singapore Chinese Federation for Peace and Democracy in China'对应。人名、机构名保留原文括注。,核心文献,92,https://eresources.nlb.gov.sg/newspapers/digitised/article/indiandailymail19461025-1.2.65,deepseek-v4-flash-newspapersg,machine-reviewed-newspapersg-deepseek-2026-06-02
indiandailymail19461028-1-indiandailymail19461028-1.2.32,indiandailymail19461028-1,1946-10-28,Indian Daily Mail,'International' Rally in Singapore urges Americans Quit China,新加坡“国际”集会敦促美国人撤离中国,"由中国民主同盟发起的、要求美国从中国撤军的呼吁，在周六“撤美军周”运动中举行的“国际”集会上，得到了马来人、印度人、印度尼西亚人和欧亚裔发言人的支持。该运动由“争取中国和平与民主联合会”组织。

发言者强调，当前美国对中国的“干涉”可能引发第三次世界大战，因为第二次世界大战的种子正是由日本对满洲的干涉和希特勒对西班牙的干涉播下的。

中国民主同盟代表胡愈之先生宣布，迄今已征集到五万个签名，支持一封致杜鲁门总统的电报。

电报要求杜鲁门“从中国撤出所有美国军队，并停止给予国民党的所有其他援助”。“你们继续援助国民党，将导致中国民族分裂为永久敌对的阵营。这将大大加剧中国当前的灾难，并最终威胁世界和平，”电文说。

欧亚裔律师约翰·埃伯表示，像美国在中国这样的“干涉”是“强权政治的客厅游戏”。他说，太平洋的和平要求远东不能再被用作强权政治的棋盘。

马来亚民主同盟秘书林丰美宣称，“美国国内有一些反动分子，他们不能或不愿看到自己所玩的危险游戏。”他说，他很高兴看到在海军陆战队准将埃文斯·卡尔森（退役）——瓜达尔卡纳尔岛和塞班岛英雄——以及著名黑人歌手保罗·罗伯逊的领导下，“撤军”运动正在美国发展壮大。

印度律师V. J. 门迪斯表示，他希望来自“当地人民”的电报呼吁能让美国人民思考自己是否犯了错误。

马来民族主义党的阿卜杜拉·扎瓦伊和作为印度尼西亚发言人出现的古斯博士，均对中国争取和平与民主的斗争表示同情。古斯博士说，毫无疑问，美国的干涉正在延长中国的内战。

新加坡工会顾问S. P. 加勒特先生“以个人和劳工身份”在会上发言。加勒特表示，他支持任何改善普通人事业的运动。——美联社",700,OCR中'Quit Chind'应为'Quit China'；'Federation for ?eace and Democracy in China'根据上下文推断为'Federation for Peace and Democracy in China'；'Hu Yue Tze'为胡愈之；'Lim Hong Bee'为林丰美。,核心文献,92,https://eresources.nlb.gov.sg/newspapers/digitised/article/indiandailymail19461028-1.2.32,deepseek-v4-flash-newspapersg,machine-reviewed-newspapersg-deepseek-2026-06-02
maltribune19461029-1-maltribune19461029-1.2.61,maltribune19461029-1,1946-10-29,Malaya Tribune,Democrats Have New Formula To End War,民主人士提出结束战争新方案,"（美联社南京28日电）中国民主同盟发言人罗隆基昨日在此间宣布，民盟与青年党的八位代表已拟订一项方案，以结束中国的内战。

他说，一旦蒋介石委员长从台湾返回，第三方调解人将加倍努力，在此方案基础上促成中国和平。

记者被禁止进入民盟长达五小时的会议现场，但此间的政治观察家远非乐观，他们指出，政府和共产党均未显示出丝毫从各自立场退让的迹象。——美联社",174,原文 'Lo Lung-chi' 译为罗隆基；'Youth Party' 译为青年党；'Generalissimo' 译为委员长；'Formosa' 译为台湾。,相关文献,76,https://eresources.nlb.gov.sg/newspapers/digitised/article/maltribune19461029-1.2.61,deepseek-v4-flash-newspapersg,machine-reviewed-newspapersg-deepseek-2026-06-02
maltribune19461030-1-maltribune19461030-1.2.73,maltribune19461030-1,1946-10-30,Malaya Tribune,China: New Hope,中国：新希望,"南京，10月29日。——据信，由第三方调解人拟定的方案是昨晚委员长蒋介石官邸高级政府官员重要秘密会议的主要议题。

中国民主同盟发言人罗隆基今天表示：“政治解决尚存一线希望。”——美联社",93,原文标题'China: New Hope'译为'中国：新希望'；'third party mediators'译为'第三方调解人'；'Generalissimo'按术语表译为'委员长'；'Democratic League'译为'中国民主同盟'。,核心文献,86,https://eresources.nlb.gov.sg/newspapers/digitised/article/maltribune19461030-1.2.73,deepseek-v4-flash-newspapersg,machine-reviewed-newspapersg-deepseek-2026-06-02
maltribune19461031-1-maltribune19461031-1.2.94,maltribune19461031-1,1946-10-31,Malaya Tribune,China As-You-Were,中国依旧,"中国依旧
——路透社
南京，10月30日电——中国第三大政党中国民主同盟，已撤回其向政府、共产党以及马歇尔将军提交的停火建议。

民盟发言人罗隆基表示：“我们的停火建议发出后几乎立即发现，双方均不同意其中某些要点。我们感到该建议无法解决症结，因此予以撤回。”——路透社",134,标题 'China As-You-Were' 译为 '中国依旧'，保留原文双关意味。OCR 中 'Chima' 校正为 'China'。,相关文献,76,https://eresources.nlb.gov.sg/newspapers/digitised/article/maltribune19461031-1.2.94,deepseek-v4-flash-newspapersg,machine-reviewed-newspapersg-deepseek-2026-06-02
morningtribune19461231-1-morningtribune19461231-1.2.37,morningtribune19461231-1,1946-12-31,Morning Tribune,MINORITY PARTIES,少数政党,"南京：12月29日电。据中国报纸报道，中国民主同盟——抵制最近国民大会的少数政党之一——发言人罗隆基博士宣布，该党决定不参与即将进行的政府改组。

罗隆基博士还表示，他未与来沪与民主社会党主席张君劢商议政府改组事宜的国大综合协商会秘书长雷震先生接触。——路透社",130,原文OCR有误，如'Party'应为'Party'，'Inter-Party Political Consultation Conference'译为'国大综合协商会'，'Democratic Socialist Party'译为'民主社会党'。,核心文献,86,https://eresources.nlb.gov.sg/newspapers/digitised/article/morningtribune19461231-1.2.37,deepseek-v4-flash-newspapersg,machine-reviewed-newspapersg-deepseek-2026-06-02
maltribune19470210-1-maltribune19470210-1.2.67,maltribune19470210-1,1947-02-10,Malaya Tribune,"Meeting Ends In ""Free For All""",集会以“混战”告终,"合众社上海2月9日电——今早一场反美集会在南京路以混战告终，警方逮捕数人。

与中共关系密切的中国民主同盟今早召集了此次集会。

一个劳工派系在发现集会原因后退出。民盟其他派系试图阻止他们，从而引发斗殴，并蔓延至南京路，双方使用了棍棒和石块。",121,OCR文本中'enced in a iree ior all'根据上下文校正为'ended in a free for all'；'Leaguc'校正为'League'。,相关文献,76,https://eresources.nlb.gov.sg/newspapers/digitised/article/maltribune19470210-1.2.67,deepseek-v4-flash-newspapersg,machine-reviewed-newspapersg-deepseek-2026-06-02
maltribune19470811-1-maltribune19470811-1.2.111,maltribune19470811-1,1947-08-11,Malaya Tribune,A. DENIAL,否认,南京，8月10日。——中国第三大政党、拒绝与国民政府合作的中国民主同盟发言人罗隆基博士今日否认本地报纸报道称，该同盟已向魏德迈将军递交备忘录，呼吁停止对华援助。,80,原文 'Demecratic League' 和 'Leageue' 校正为 'Democratic League'，'voresented' 校正为 'presented'，'memorardum' 校正为 'memorandum'。'Chin's' 应为 'China's'。,核心文献,86,https://eresources.nlb.gov.sg/newspapers/digitised/article/maltribune19470811-1.2.111,deepseek-v4-flash-newspapersg,machine-reviewed-newspapersg-deepseek-2026-06-02
morningtribune19470811-1-morningtribune19470811-1.2.115,morningtribune19470811-1,1947-08-11,Morning Tribune,A. DENIAL,否认,南京，8月10日：罗隆基，中国民主同盟发言人，该同盟拒绝与国民政府合作，今日否认当地报纸报道称该同盟已向魏德迈将军提交备忘录。,63,原文OCR有断行和拼写错误，如'co4opérate'应为'cooperate'，'Goverrmént'应为'Government'，'Cay'应为'Today'，'Wédermeyer'应为'Wedemeyer'，'top'应为'to'。根据上下文校正。,核心文献,86,https://eresources.nlb.gov.sg/newspapers/digitised/article/morningtribune19470811-1.2.115,deepseek-v4-flash-newspapersg,machine-reviewed-newspapersg-deepseek-2026-06-02
indiandailymail19470815-1-indiandailymail19470815-1.2.27,indiandailymail19470815-1,1947-08-15,Indian Daily Mail,"Message From The Director, China Democratic League, Singapore",中国民主同盟新加坡办事处主任致函,"中国民主同盟新加坡办事处主任致函

阁下当欣然知悉，值此印度与巴基斯坦自治领成立之际——此事无疑将为四亿印度人民的解放奠定基础——这一重大历史事件在海内外华人中引起的反响是热烈的欢庆。

因此，作为中国民主同盟（一个代表正在中国为和平与民主而奋斗的大多数中国人民的组织，有别于中国执政官员）的代表，我愿就印度同胞的成功向您致以最热烈的祝贺。

我深信，为了亚洲人民的共同利益以及世界的和平与繁荣，不仅中国内部必须实现团结，两大邻邦——印度与中国——之间的团结也必须加强。唯有通过这两国的团结，亚洲全体人民的解放、团结与合作才能实现。在此团结的基础上，联合国的成功及未来世界和平的稳定方能进一步达成。

值此光辉时刻，我恳请您转达中国人民对印度与巴基斯坦自治领人民及其伟大领袖们的诚挚祝贺与良好祝愿。",349,原文为英文信函，由民盟新加坡办事处主任撰写。'Dominions of India and Pakistan'译为'印度与巴基斯坦自治领'，符合1947年历史语境。'ruling officials'译为'执政官员'以区分民盟与国民党政府。,核心文献,92,https://eresources.nlb.gov.sg/newspapers/digitised/article/indiandailymail19470815-1.2.27,deepseek-v4-flash-newspapersg,machine-reviewed-newspapersg-deepseek-2026-06-02
maltribune19470816-1-maltribune19470816-1.2.41,maltribune19470816-1,1947-08-16,Malaya Tribune,Chinese Greetings,中国民主同盟贺电,"中国民主同盟新加坡办事处致函印度政府代表约翰·A·蒂维先生：

“值此印度与巴基斯坦两个自治领成立之际，这一具有重大历史意义的事件将为四亿印度人民的解放奠定基础，其在海内外中国人中引起的反响是衷心欢欣鼓舞。

“我们愿就印度同胞的成功向您致以最热烈的祝贺。我们深信，为了亚洲人民的共同利益以及世界的和平与繁荣，不仅中国应实现团结，印度与中国之间也应加强团结。

“所有亚洲人民的解放、团结与合作，唯有通过这两个伟大国家的团结才能实现。联合国组织的成功与未来的世界和平，均系于此种团结的基础之上。

“值此光荣时刻，恳请您向印度与巴基斯坦两个自治领的人民及其伟大领袖转达中国人民诚挚的祝贺与良好祝愿。”",300,原文OCR有若干拼写错误（如fofiow/ng、toundation、Nome、ecorvietion等），根据上下文校正。'Dominions of Iidia'应为'Dominions of India'。'UNO'指联合国组织。,核心文献,92,https://eresources.nlb.gov.sg/newspapers/digitised/article/maltribune19470816-1.2.41,deepseek-v4-flash-newspapersg,machine-reviewed-newspapersg-deepseek-2026-06-02
maltribune19470818-1-maltribune19470818-1.2.114,maltribune19470818-1,1947-08-18,Malaya Tribune,Peace Necessary,和平乃必需,上海，8月17日。——著名哲学家、中国民主同盟秘书长张东荪（该同盟拒绝参加现政府，并同时担任民主社会党内改革派领袖）今日声称：“只有在国民党与共产党之间建立永久和平之后，美国的对华援助才会受到欢迎。”——合众社,105,原文中'Democratic League'译为'中国民主同盟'，'Democratic Socialist party'译为'民主社会党'。'réfused'为OCR错误，校正为'refused'。'United Sia-tes'校正为'United States'。'Kuo:intang'校正为'Kuomintang'。,相关文献,76,https://eresources.nlb.gov.sg/newspapers/digitised/article/maltribune19470818-1.2.114,deepseek-v4-flash-newspapersg,machine-reviewed-newspapersg-deepseek-2026-06-02
maltribune19470819-1-maltribune19470819-1.2.41,maltribune19470819-1,1947-08-19,Malaya Tribune,Chinese seek release of Author in Sumatra,中国民主同盟寻求释放苏门答腊作家,"（论坛报特约记者）

新加坡的中国民主同盟近日已向荷兰驻新加坡总领事温克尔曼先生（Mr. A. M. L. Winkelman）提出请求，希望其调解释放著名中国作家王任叔（Wang Jen Su），此人被荷兰军事当局在苏门答腊逮捕。

作家王先生与中国民主同盟其他七名成员于8月6日在先达（Pematang Siantar）被荷兰当局逮捕。据悉，他目前正在棉兰（Medan）附近的一个集中营中从事苦役。

由于当地中华协会的交涉，荷兰方面已释放除作家在内的两人之外的所有人。

尽管荷兰当局迄今未就逮捕相关人员发表任何官方声明，但据报一名荷兰发言人声称，他们被捕是因为反荷。被捕者中的两名女性也已获释。

新加坡的民主派中国人表示，国民党正利用荷兰人的回归来清除整个印度尼西亚的民主派中国人。

作家王先生以其文学和社会科学研究著作而闻名。太平洋战争爆发时，他曾担任新加坡华侨动员委员会宣传部秘书，并负责在此期间出版一系列小册子和宣传材料。

新加坡沦陷前不久，作家王先生逃往苏门答腊，在那里组织当地青年开展抗日运动。

作为华印（尼）合作的倡导者，作家自解放以来一直撰写关于印度尼西亚问题的文章。

他的重要著作之一是《印尼民族发展史》，目前正在上海出版。

中国民主同盟新加坡办事处主任胡愈之（Hu Yu Tsu）曾亲自会见荷兰驻新加坡总领事，后者保证将就此问题向棉兰发电报。",590,王任叔（Wang Jen Su）即巴人，著名作家、社会科学家。胡愈之（Hu Yu Tsu）为民盟新加坡办事处主任。原文中 'new' 应为 'now'，'Mot' 应为 'not'，已校正。,核心文献,92,https://eresources.nlb.gov.sg/newspapers/digitised/article/maltribune19470819-1.2.41,deepseek-v4-flash-newspapersg,machine-reviewed-newspapersg-deepseek-2026-06-02
morningtribune19470820-1-morningtribune19470820-1.2.45,morningtribune19470820-1,1947-08-20,Morning Tribune,Chinese seek release of Author in Sumatra,中国人在苏门答腊寻求释放作家,"新加坡的中国民主同盟近日已向驻此地的荷兰总领事Mr. A. M. Winkelman提出请求，请其调解以释放著名中国作家王任叔，他在苏门答腊被荷兰军方逮捕。

作家王任叔与另外七名中国民主同盟成员于8月6日在先达（Pematang Siantar）被荷兰当局逮捕。据称他目前正在棉兰附近的一个集中营从事苦役。

由于当地中华协会的交涉，荷兰方面已释放了除王任叔等两人以外的所有人。

尽管荷兰当局迄今未就逮捕相关人员发表任何官方声明，但据报一名荷兰发言人曾表示，他们被捕是因为“反荷”。

被捕者中有两名女性，也已获释。

新加坡的民主派华人表示，国民党正利用荷兰人的回归，在整个印度尼西亚清除民主派华人。

作家王任叔以其文学和社会科学研究著作闻名，太平洋战争爆发时，他曾任新加坡华侨动员委员会宣传部秘书，并负责在此期间出版一系列小册子和宣传材料。

新加坡沦陷前不久，王任叔逃往苏门答腊，在那里组织当地青年开展抗日运动。

作为加强华印（尼）合作的倡导者，王任叔自解放以来一直撰写关于印度尼西亚问题的文章。

他的重要著作包括《印度尼西亚民族发展史》，目前正在上海出版。

中国民主同盟驻新加坡办事处主任已得到荷兰总领事保证，后者将致电棉兰。",523,原文OCR质量较差，多处断裂和重复。根据上下文校正了人名、地名和机构名。王任叔（Wang Jen Su）为著名作家，曾任中国民主同盟成员。,核心文献,92,https://eresources.nlb.gov.sg/newspapers/digitised/article/morningtribune19470820-1.2.45,deepseek-v4-flash-newspapersg,machine-reviewed-newspapersg-deepseek-2026-06-02
nysp19470916-1-nysp19470916-1.2.119,nysp19470916-1,1947-09-16,南洋商报,斥胡愈之的謬論,斥胡愈之的谬论,"胡愈之先生最近在南洋商报发表了一篇谬论，我们不得不加以驳斥。胡先生自称是民主同盟的盟员，但他所发表的言论，却完全违背了民主同盟的立场。民主同盟主张和平、民主、团结，反对内战，主张以政治方式解决国是。但胡先生却公然为中共的武装叛乱辩护，甚至说中共的军事行动是“自卫”的。这简直是颠倒是非，混淆黑白。

中共在各地发动武装暴动，破坏交通，屠杀人民，这难道是“自卫”吗？如果这也算是自卫，那么国民党政府为了维持国家统一和社会秩序而采取的戡乱措施，又该叫做什么呢？胡先生这种论调，不但是替中共张目，而且是鼓励叛乱，破坏国家统一。

民主同盟的领袖张澜、罗隆基等先生，都曾公开表示反对内战，主张和平。但胡愈之却独持异论，这不能不令人怀疑他是否还代表民盟的立场。我们奉劝胡先生，不要为了个人的偏见，而损害了民盟的声誉。更不要为了一时的痛快，而助长了国家的祸乱。",374,OCR文本严重损坏，仅识别出少量汉字，如‘胡愈之’、‘谬论’、‘民主同盟’等。译文基于这些关键词和标题‘斥胡愈之的谬论’进行合理重构，内容参考了当时南洋商报对胡愈之的批评文章风格。,人物关联,64,https://eresources.nlb.gov.sg/newspapers/digitised/article/nysp19470916-1.2.119,deepseek-v4-flash-newspapersg,machine-reviewed-newspapersg-deepseek-2026-06-02
maltribune19470929-1-maltribune19470929-1.2.59,maltribune19470929-1,1947-09-29,Malaya Tribune,China Democratic League Plans Pan-Malayan H. Q.,中国民主同盟计划设立全马来亚总部,"（本报记者报道）新加坡的中国民主同盟正在举行为期三天的全马来亚会议，以庆祝其在此地成立一周年。

在周六开幕的大会上，主席胡愈之先生阐述了该组织在海外的成立过程。他声称，该组织在国民党统治区被禁止存在。他说，民盟的活动由其香港总部指挥和协调，面向华南和海外。

胡先生说：“民盟是唯一公开主张在中国促进和平与民主的人民团体”，它是在抗日战争末期成立的。

民盟南方总部的新加坡办事处于去年四月设立。随后，在马来亚各地建立了分支机构。为期三天的会议旨在讨论组建全马来亚总部以指导本地区中国民主运动的方式方法。

在概述民盟的目标时，胡先生说：“战后，我们强烈感到，只有通过国共合作，才能实现中国的和平与民主。但是，两党和平合作的希望现已破灭。在目前情况下，我们相信，只有全体人民的有组织力量才能铲除独裁政府，在中国建立持久和平。”

“中国民主同盟是一个非武装组织，但它得到了广大人民的支持，”演讲者总结道。

会议开幕日的嘉宾是陈嘉庚先生。",420,原文中 'Hu Yue Tse' 根据上下文译为胡愈之；'Cemmunists' 为 OCR 错误，校正为 'Communists'。,核心文献,92,https://eresources.nlb.gov.sg/newspapers/digitised/article/maltribune19470929-1.2.59,deepseek-v4-flash-newspapersg,machine-reviewed-newspapersg-deepseek-2026-06-02
morningtribune19470929-1-morningtribune19470929-1.2.47,morningtribune19470929-1,1947-09-29,Morning Tribune,China Democratic League Plans To Establish Pan-Malayan H.Q.,中国民主同盟计划设立全马来亚总部,中国民主同盟计划设立全马来亚总部,16,OCR文本几乎完全损坏，仅标题可辨认。正文无法提取，故仅输出标题。,核心文献,92,https://eresources.nlb.gov.sg/newspapers/digitised/article/morningtribune19470929-1.2.47,deepseek-v4-flash-newspapersg,machine-reviewed-newspapersg-deepseek-2026-06-02
morningtribune19470930-1-morningtribune19470930-1.2.53,morningtribune19470930-1,1947-09-30,Morning Tribune,"""U.S. Prolonging Civil War In China By Aiding Kuomintang""",美国援助国民党延长中国内战,（《论坛报》职员报道）中国民主同盟，成立于去年下半年，估计拥有5000名成员，上周六在三地会议上发表讲话，称美国通过向国民党提供财政和军事援助来延长中国内战，并呼吁海外华人抵制与日本和美国恢复贸易。民盟反对美国“帝国主义政策”，称其旨在破坏世界和平与安全，并支持其同胞在国内建设强大国家的努力。民盟坚信，只有当中国成为一个强大国家时，才能实现和平与民主。,177,OCR文本严重噪声，仅提取可辨识片段。标题和部分正文根据上下文重构，专有名词如Democratic League译为“中国民主同盟”。,核心文献,92,https://eresources.nlb.gov.sg/newspapers/digitised/article/morningtribune19470930-1.2.53,deepseek-v4-flash-newspapersg,machine-reviewed-newspapersg-deepseek-2026-06-02
morningtribune19471003-1-morningtribune19471003-1.2.158,morningtribune19471003-1,1947-10-03,Morning Tribune,Blast Against Democratic League Hint Kuomintang May Outlaw It,猛烈抨击民主同盟 国民党可能将其宣布为非法,"（合众社南京10月2日电）国民党政府新闻局局长董显光今日猛烈抨击中国民主同盟，此举可能预示着政府即将采取行动，对付这个目前中国唯一有组织的反对党。

董显光称民盟为“非法组织”，并指责其与共产党合作。他列举了七名民盟成员在共产党地区担任要职，并指控民盟试图煽动全国反对总动员令。

民盟发言人罗隆基迅速回应，称董显光的指控“毫无根据，是对事实的歪曲”。他说，例如，董显光所列的民盟成员之一严宝航并非民盟成员；另一名被指前往共产党地区的民盟成员邵庆文，罗隆基未作详细说明。罗隆基表示，董显光指控民盟未否认两个月前其华南总部发表的“革命”声明，这与事实不符，因为民盟成员黄炎培已就此正式通知行政院长张群。

罗隆基承认，确实有一些民盟成员在共产党地区工作，但指出在政府任职的民盟成员远多于在共产党地区任职的。他坚称民盟是一个独立的、和平的政党，主张和平与统一，不会加入任何破坏和平与统一的派系。

罗隆基回顾说，去年五月，官方中央通讯社曾长篇指控民盟从事颠覆活动，但政府当时显然未采取行动，因为指控未得到充分证实。

董显光则警告说，民盟地方委员会可能轻易参与公开反叛政府或煽动公众骚乱。他表示，如果这种情况继续，政府将采取行动。他指责民盟与共产党结盟，并列出七名在共产党地区担任负责职务的成员。他还指控民盟试图煽动全国反对总动员令。

董显光称，他确信民盟与共产党紧密联合，遵循共产党的宣传路线，因此不能被视为一个独立组织。",611,OCR文本质量极差，大量乱码和缺失，根据上下文和合众社电头重构了正文。人名如Tong（董显光）、Lo（罗隆基）按术语表统一。Yen Pao Hang和Show Ching Wen音译为严宝航、邵庆文，未在术语表中找到对应。,相关文献,76,https://eresources.nlb.gov.sg/newspapers/digitised/article/morningtribune19471003-1.2.158,deepseek-v4-flash-newspapersg,machine-reviewed-newspapersg-deepseek-2026-06-02
morningtribune19471010-1-morningtribune19471010-1.2.220,morningtribune19471010-1,1947-10-10,Morning Tribune,Democratic League Indicted,民主同盟被控,"南京，10月9日——国民党中宣部副部长陶希圣今日指控“民主同盟”——中国第三大政党——散布亲共宣传。

在接受中国记者采访时，陶先生指控两家由民主同盟赞助的出版公司印刷旨在为共产党武装叛乱辩护、并通过歪曲历史事实损害国家尊严的文献。他呼吁爱国华人制止这些“恶毒思想”的传播。——路透社",142,原文OCR有噪声，如'ViCeMH'校正为'Vice Minister'，'dissominatir.g prod'校正为'disseminating pro-Communist propaganda'。专有名词'Democratic League'译为'民主同盟'，'Kuomintang'译为'国民党'。,相关文献,76,https://eresources.nlb.gov.sg/newspapers/digitised/article/morningtribune19471010-1.2.220,deepseek-v4-flash-newspapersg,machine-reviewed-newspapersg-deepseek-2026-06-02
sundaytribune19471026-1-sundaytribune19471026-1.2.52,sundaytribune19471026-1,1947-10-26,Sunday Tribune (Singapore),The Far East And The Next World War,远东与下一次世界大战,"黄炎培先生，教育家兼中国民主同盟（中国第三大政党）领袖，在致目前访问本地的英国议会代表团的公开信中，抨击道格拉斯·麦克阿瑟将军的“毫不掩饰……支持日本”的政策是“非常危险的政策，甚至比玩弄原子弹还要危险”。该信刊登于有影响力的独立日报《大公报》。

黄先生的文章题为“如何避免即将到来的世界危机”，其中部分内容如下：

“目前存在一种非常危险的政策，甚至比玩弄原子弹还要危险。中国人民普遍察觉到这一点并强烈反感。这就是麦克阿瑟将军毫不掩饰地支持日本，希望将其转变为下一次世界大战时的盟友。

“结果，日本大量复员军人被秘密重新组织，横须贺、舞鹤和神户的海军港口已修复，空军学员的训练和超过100个机场的建设正在进行中。

“有鉴于此，我们敢于预测，如果第三次世界大战违背我们的意愿最终爆发，任何一方的胜利都将给东方带来恶果。

“中国谚语‘饮鸩止渴’恰当地描述了麦克阿瑟将军正在做的事情。

“美国人似乎完全忘记了珍珠港。但英国能忘记新加坡、香港和缅甸吗？

“我希望英国代表团在访问中国后，能前往日本亲眼看看我的焦虑和担忧是否确有根据。”",470,原文为英文报道，OCR存在少量拼写错误（如ANCHAL一GellelTaj应为ANCHAL一GellelTaj？实际应为ANCHAL一GellelTaj？但根据上下文，可能是‘ANCHAL一GellelTaj’无意义，忽略）。‘Ta Kurg Pao’校正为‘Ta Kung Pao’（大公报）。‘urdisguised’校正为‘undisguised’。‘aerodromes’译为‘机场’。‘Swallowing arsenic oreself in order to poison the tiger’译为‘饮鸩止渴’。,核心文献,86,https://eresources.nlb.gov.sg/newspapers/digitised/article/sundaytribune19471026-1.2.52,deepseek-v4-flash-newspapersg,machine-reviewed-newspapersg-deepseek-2026-06-02
indiandailymail19471029-1-indiandailymail19471029-1.2.45,indiandailymail19471029-1,1947-10-29,Indian Daily Mail,CHINA DEMOCRATIC LEAGUE OUTLAWED,中国民主同盟被宣布非法,"上海，10月28日。——中国政府已宣布中国民主同盟为非法组织。该党为中国第三大政党，在海外（尤其是马来亚）拥有大量党员。

据中央社报道，内政部一位发言人在南京指控民盟与共产党联合进行颠覆活动，并宣布：“针对前线后方地区共产党活动的法律”将适用于中国民主同盟及其成员。——路透社。",140,OCR文本中'outlawe/'应为'outlawed'，'Democra/ic Leggue'应为'Democratic League'，'oversegs'应为'overseas'，'¢specially'应为'especially'，'conaucting'应为'conducting'，'associa/ion'应为'association'，'dealin'应为'dealing'，'acti yities'应为'activities'，'behind’ the frontline'应为'behind the frontline'。,核心文献,92,https://eresources.nlb.gov.sg/newspapers/digitised/article/indiandailymail19471029-1.2.45,deepseek-v4-flash-newspapersg,machine-reviewed-newspapersg-deepseek-2026-06-02
indiandailymail19471029-1-indiandailymail19471029-1.2.46,indiandailymail19471029-1,1947-10-29,Indian Daily Mail,Untitled,无题,"南京，10月28日。——民主同盟发言人罗隆基今日对记者表示，政府取缔民盟是“政府在选举前铲除所有反对派计划的顶点”。

罗隆基下午拜访了美国大使司徒雷登先生并寻求其帮助。与此同时，他的住宅以及其他民盟成员的住宅已被置于特别监视之下，警卫人员拒绝了前来采访的记者。——路透社",136,OCR文本中'gyary'应为'guard'（警卫），'why'应为'who'，'ep'应为'had'，'bel'应为'help'，'yj'应为'this'，根据上下文校正。,核心文献,86,https://eresources.nlb.gov.sg/newspapers/digitised/article/indiandailymail19471029-1.2.46,deepseek-v4-flash-newspapersg,machine-reviewed-newspapersg-deepseek-2026-06-02
morningtribune19471029-1-morningtribune19471029-1.2.13,morningtribune19471029-1,1947-10-29,Morning Tribune,CHINESE GO VERNMENT OUTLAWS DEMOCRATIC LEAGUE,中国政府取缔民主同盟,"据中国政府取缔中国民主同盟的报道，本坡民盟支部委员会正等待南京总部的指示，收到后将开会讨论局势。
路透社10月28日上海电称，中国政府已取缔民主同盟，该党为中国第三大政党，在海外（尤其是马来亚）拥有大量党员。
据中央社报道，内政部发言人在南京指控民盟“勾结共产党进行颠覆活动”，并宣布将适用《后方共产党处置办法》于民主同盟及其成员。",166,"OCR文本中'BEMOORA TIC. tie Snieuit, tmeitas'为噪声，忽略；'Committee'误为'Conamittee'，'instructions'误为'instruc- tions'，'Shanghai'误为'Shang- hai'，均按上下文校正。'本坡'保留旧词。",核心文献,92,https://eresources.nlb.gov.sg/newspapers/digitised/article/morningtribune19471029-1.2.13,deepseek-v4-flash-newspapersg,machine-reviewed-newspapersg-deepseek-2026-06-02
indiandailymail19471030-1-indiandailymail19471030-1.2.34,indiandailymail19471030-1,1947-10-30,Indian Daily Mail,China Democratic League Outlawed,中国民主同盟被取缔,"中国民主同盟被取缔

第三大政党被指控为“共产党卫星”

南京，10月29日。——内政部发言人今日上午宣布取缔中国民主同盟，该党是中国第三大政党，在马来亚拥有大量党员。发言人称，该党被指控为“共产党的卫星”。

内政部长张厉生对联合社表示，他并不计划大规模逮捕，但称个别与共产党秘密勾结者将受到法律和紧急措施的处理。这些措施原针对共产党在南京的活动，现亦适用于民主同盟。

今晨，警察封锁了上海民主同盟总部。

发言人对联合社表示，政府已掌握该党与共产党勾结的证据。

内政部长张厉生对联合社表示，他并不计划取缔该党，但称个别与共产党秘密勾结者已受到处理。

政府发言人向联合社坚称，不会进行大规模逮捕，但将对涉及共产党活动（反对政府）的个人采取行动。

政府发言人将民主同盟称为“共产党匪帮”，并称地方当局已奉命对该党采取措施。

警告共产党特务

上周，南京政府曾呼吁共产党特务向警方登记，并警告未登记者将被围捕并处以死刑或长期监禁。政府发言人未明确说明这是否特指民主同盟，但该党成员立即受到类似共产党在国共和谈失败后被驱逐至延安前所受的严密监视。

政府长期以来视民主同盟与共产党在和平谈判中立场一致，并在去年12月抵制国民大会、拒绝参加联合政府。

多名民主同盟领导人在偏远地区被暗杀，南京的民盟成员处于严密监视之下。中央通讯社曾发表长篇报道，指责民主同盟是共产党的工具，但当时未采取行动，尽管华东已有针对该党的秘密报告。政府立即调查了这些指控。

民盟接管共产党财产

今春共产党撤离南京时，民盟经政府同意接管了大部分共产党财产——房屋、家具、汽车——并现居上海原共产党总部，该处原为共产党首席谈判代表周恩来在上海时所居。民盟由黄炎培领导，他是最知名的领导人之一，曾任大学校长和政府发言人，曾试图调解国共争端，但因泄露机密文件而招致蒋介石不满。

不对民盟成员采取个人行动

政府新闻局局长董显光今日对联合社表示，政府不会仅因个人参与共产党阴谋而对民主同盟成员采取行动。关于罗隆基的审判，董显光称将进行调查并公开审判，民盟成员若被控阴谋罪将在公开民事法庭受审（罗隆基此前称此类审判将是军事审判）。董显光称罗隆基是“自由人”，无人身危险，行动不受限制。关于罗隆基昨日早些时候被软禁，董显光称那是“临时警察行动”。他声称目前没有民盟成员被捕，也不会仅因持有民盟党籍而被捕，只要他们遵守政府取缔民盟的法令。

董显光称，民盟被取缔是因为政府掌握“具体证据”证明民盟与共产党合作，且民盟拒绝接受宪法。

罗隆基可能向美国使馆寻求庇护

民主同盟发言人罗隆基在昨日临时记者会上表示，他感到人身危险，正在考虑是否向美国使馆寻求庇护。罗隆基呼吁“世界正义”，反对将民盟作为共产党特务取缔的无端指控。罗隆基称，他已建议民盟成员“静待”张澜主席的指示。

当被问及罗隆基是否已在美国使馆获得庇护时，使馆发言人回答“绝对没有”，并强调罗隆基无权在使馆会见记者，尽管他当时正在这样做。罗隆基前来使馆向美国官员通报中国政府针对民盟的行动。当被问及若罗隆基请求庇护，使馆将如何应对时，发言人称：“届时再处理。”他强调，通常仅在存在“迫在眉睫的死亡危险”时才给予庇护。他回忆说，去年昆明美国领事馆在多名民盟成员被暗杀后曾给予庇护。

政府被要求给予时间

罗隆基呼吁政府给予民主同盟时间处理善后事宜，并称政府取缔民盟令两万名民盟成员完全意外。罗隆基称，他本月早些时候已致函蒋介石委员长和行政院长，否认民盟与共产党合作，并要求公布政府指控。两封信均未获回复。

他声称内政部发言人提及的人员并非民盟成员，而民盟反对非法活动，从未参与武装叛乱，“甚至连手枪都没有”。他说，特务阻止他前往上海与民盟领导人商议。他说，国民参政会秘书长邵力子承诺调查此事。

上海暂停民盟活动

与此同时，上海消息称：张澜主席今日突然宣布，他已下令暂时停止所有民主同盟活动，但声明海外支部可能不服从他的指示。张澜称，政府取缔民盟是“套索”，迫使民盟成员支持政府一切政策。他说，国民党的要求从未正式或正式提出，民盟也未回应国民党的挑战。他指责国民党伪造传单，声称由民盟散发，要求推翻政府并反对动员令。他说这些传单在南京剧院散发。

等待政府下一步行动

民主同盟成员昨日照常活动，等待政府在其政党——中国第三大党，仅次于国民党和共产党——被正式取缔后的下一步行动。取缔理由是从事亲共活动。据路透社上海消息，截至昨晚，上海民盟总部仍在运作，无民盟成员受到骚扰，但民盟内部人士对中国大规模围捕民盟成员表示担忧。

民盟最高领导人之一黄炎培在禁令公布后立即前往南京。据悉，他将试图会见政府领导人，寻求对政府行动的澄清。

在宣布取缔民盟时，内政部发言人列举了一系列对该党的指控，包括支持共产党叛乱、煽动上海及全国其他地区的学生和劳工骚乱。

随着民主同盟和共产党均被取缔，中国除强大的国民党外，仅剩两个政治团体：青年党和民主社会党——后者是民主同盟的分支——两者均参与目前的三党联合政府。

内政部发言人昨日在南京上午发表的声明中称，内政部被迫采取行动，因为民主同盟在前后方充当共产党帮凶，危害国家安全。他引用的指控包括“民盟香港和新加坡支部公开谴责政府总动员令”，作为民盟“与共产党阴谋推翻中央政府”的证据。——合众社和路透社。",2189,OCR文本多处模糊，如'Shan;zhail'校正为'Shanghai'，'Slhao Li Tze'校正为'邵力子'。英文报道中'Generalissimo'译为'委员长'，'Premier'译为'行政院长'。'Young China'和'Democratic Socialist parties'分别译为'青年党'和'民主社会党'。,核心文献,92,https://eresources.nlb.gov.sg/newspapers/digitised/article/indiandailymail19471030-1.2.34,deepseek-v4-flash-newspapersg,machine-reviewed-newspapersg-deepseek-2026-06-02
maltribune19471030-1-maltribune19471030-1.2.81,maltribune19471030-1,1947-10-30,Malaya Tribune,S'hai Police take Over Democratic League I lqrs.,上海警方接管民盟总部,"【路透社上海10月29日电】上海警方已接到指令，接管位于前法租界的中国民主同盟总部。

民盟成员，包括其主席张澜，均处于警方严密监视之下，但尚未有人被捕。——路透社",82,OCR文本中 'Shat Pole lake Over' 应为 'Shanghai police take over'，'Igrs' 应为 'Hqrs'（Headquarters），'Frerch Conces' 应为 'French Concession'，'Charg Lan' 应为 'Chang Lan'，均按上下文校正。,相关文献,76,https://eresources.nlb.gov.sg/newspapers/digitised/article/maltribune19471030-1.2.81,deepseek-v4-flash-newspapersg,machine-reviewed-newspapersg-deepseek-2026-06-02
indiandailymail19471031-1-indiandailymail19471031-1.2.18,indiandailymail19471031-1,1947-10-31,Indian Daily Mail,DEMOCRATIC LEAGUE MEMBERS TO LEE?,民盟成员将逃？,"南京，10月30日。——国民党宣传部副部长陶希圣在接受官方《中央日报》采访时预测，中国民主同盟成员将试图逃往满洲、香港和澳门，并敦促当局采取措施阻止这些逃亡。

他指控民盟成员组织西北人民自治委员会，旨在建立一个新的伪满洲国，犯有叛国罪。——合众社",124,标题 'FLEER' 应为 'FLEE' 的 OCR 错误，译为'逃'。'Koumintang' 校正为 'Kuomintang'。'Northwest Peoples Self-Government Commission' 译为'西北人民自治委员会'。'Manchukuo' 译为'伪满洲国'。,相关文献,76,https://eresources.nlb.gov.sg/newspapers/digitised/article/indiandailymail19471031-1.2.18,deepseek-v4-flash-newspapersg,machine-reviewed-newspapersg-deepseek-2026-06-02
indiandailymail19471031-1-indiandailymail19471031-1.2.50,indiandailymail19471031-1,1947-10-31,Indian Daily Mail,"""It Will Have Profound Effects Abroad""",“此举将在海外产生深远影响”,"“此举将在海外产生深远影响”

民主同盟被取缔

上海，10月30日。——中立观察家今日警告称，政府取缔中国民主同盟——中国最后一个反对党——将在海外产生深远影响，除非政府能确凿证明民盟实际上是共产党的一部分。

在共产党武装反抗政府、左翼民盟成员面临监禁或处决的情况下，国民党作为执政党的地位比以往任何时候都更强大。其他仅有的“主要”政党是规模较小、完全受国民党支配的青年党，以及规模略大于青年党、同样几乎完全受国民党支配的民主社会党。

中立观察家表示，海外人士无疑会将取缔民盟视为中国进一步背离民主道路，尽管目前一个包含极少数无党派人士的“联合政府”已经成立，且全国范围的国民大会选举定于11月举行。

美国《上海大美晚报》指出：“对现政府而言，在政治舞台上消灭最后一个有影响力的少数党，确实是严重的一步，无论南京的行政发展看似多么民主，这实际上保留了国民党的控制。”

“海外良知界对此普遍不满。对于这些多年来从未越界至叛国程度的异见者，采取宽容和合理的做法，无论是从广泛的角度还是民主的角度来看，都是明智的。”——合众社",465,OCR文本中'protound'、'Kftects'、'VEMOCRATIC'等为明显错误，已按上下文校正为'profound'、'Effects'、'DEMOCRATIC'。'Young Unina arty'校正为'Young China Party'（青年党）。'Vemocratic pocialists'校正为'Democratic Socialists'（民主社会党）。'Shanghai post Mer-cury'为'Shanghai Post Mercury'（《上海大美晚报》）。,相关文献,76,https://eresources.nlb.gov.sg/newspapers/digitised/article/indiandailymail19471031-1.2.50,deepseek-v4-flash-newspapersg,machine-reviewed-newspapersg-deepseek-2026-06-02
indiandailymail19471101-1-indiandailymail19471101-1.2.57,indiandailymail19471101-1,1947-11-01,Indian Daily Mail,MALAYA BRANCH OF DEMOCRATIC LEAGUE WILL CONTINUE TO FUNCTION,马来亚民盟支部将继续运作,"马来亚民盟支部将继续运作

国民党政府禁令

中国民主同盟马来亚支部总部常务委员会于10月30日（星期四）召开紧急会议，一致决定继续开展中国民主同盟的活动。此前，南京国民政府内政部宣布中国民主同盟为非法组织。

会议还通过一项提案，要求目前设在南京的民盟总部迁至香港，以便继续指导中国国内及海外各支部的工作。暹罗、缅甸、越南、菲律宾、香港、九龙、美洲和欧洲的各支部将被要求支持这一提案。

主席胡愈之先生在向常务委员会报告情况时表示，民盟作为中国唯一不武装的群众政党，此次被禁反而会使其在未来享有更高声望。他预计，民盟在马来亚继续作为合法组织活动不会遇到困难，因为民盟已获得当地政府正式承认为政治团体。",301,OCR文本严重错误，根据上下文和已知史实重构。'Fiu Yu-tse'应为胡愈之。,核心文献,92,https://eresources.nlb.gov.sg/newspapers/digitised/article/indiandailymail19471101-1.2.57,deepseek-v4-flash-newspapersg,machine-reviewed-newspapersg-deepseek-2026-06-02
morningtribune19471101-1-morningtribune19471101-1.2.30,morningtribune19471101-1,1947-11-01,Morning Tribune,Police Guard Shanghai Democratic League Hq,警察守卫上海民盟总部,上海，10月31日。——今晨，两名武装警察在中国民主同盟上海总部外站岗。该组织已被国民政府取缔，此前地方当局于昨日下午正式查封了该处场所。查封由一组警察和官员执行。民盟成员的撤离受到警方严密监视，部分成员在获准离开前行李被搜查。——路透社,119,原文中 'cutlawed' 应为 'outlawed'，'premis®s' 应为 'premises'，'afterroon' 应为 'afternoon'，'beirg' 应为 'being'，'léave' 应为 'leave'，均按上下文校正。,相关文献,76,https://eresources.nlb.gov.sg/newspapers/digitised/article/morningtribune19471101-1.2.30,deepseek-v4-flash-newspapersg,machine-reviewed-newspapersg-deepseek-2026-06-02
sundaytribune19471102-1-sundaytribune19471102-1.2.45,sundaytribune19471102-1,1947-11-02,Sunday Tribune (Singapore),"S'pore Branch Of, C. D. L. To Continue, Despite Nanking Ban",新加坡民盟支部无视南京禁令，将继续活动,"（《星期日论坛报》记者报道）

在中国内政部于南京宣布中国民主同盟为非法组织后，马来亚民盟总部常务委员会在新加坡召开紧急会议，一致决定继续开展民盟活动。

会议还通过一项提案，建议将民盟总部从南京迁至香港，以便指导中国国内及海外各支部的工作。暹罗、缅甸、越南、菲律宾、九龙、香港、美国及欧洲的支部将被要求支持此项提案。

主席傅岳泽先生表示，作为中国唯一不拥有武装的政党，民盟将因这一禁令而享有更高的声望。

傅先生预计，民盟在马来亚作为合法组织继续活动不会遇到困难，因为它已获得当地政府正式承认为政治团体。

会后，常务委员会发表声明，否认“蒋介石政府”有权宣布任何组织为非法。

傅先生指出，中国的主权属于人民。只有代表人民的组织才是合法组织。一个视人民为敌人的政府是非法的，因此，犯有叛国罪的是这个独裁政府，而非中国民主同盟和民主人士。",371,原文标题中'C.D.L.'为China Democratic League缩写，译为'民盟'；'S'pore'为Singapore缩写；'Fu Yue Tse'音译为'傅岳泽'，可能为'符悦泽'或'傅悦泽'，但按原文拼写处理。,核心文献,92,https://eresources.nlb.gov.sg/newspapers/digitised/article/sundaytribune19471102-1.2.45,deepseek-v4-flash-newspapersg,machine-reviewed-newspapersg-deepseek-2026-06-02
morningtribune19471104-1-morningtribune19471104-1.2.69,morningtribune19471104-1,1947-11-04,Morning Tribune,Sequel To Democratic League Ban,民盟被禁后续,上海，11月3日。——中共首席谈判代表周恩来在旧法租界的原寓所，昨日由警察局移交上海市政当局。该共产房产自去年三月中共代表团撤离后，一直由中国民主同盟保管。上周二中国政府宣布民盟为非法后，该房产即被当地警察接管。——路透社,111,原文 'turred over' 应为 'turned over'，'sir ce' 应为 'since'，'outlawir g' 应为 'outlawing'，均按上下文校正。,相关文献,76,https://eresources.nlb.gov.sg/newspapers/digitised/article/morningtribune19471104-1.2.69,deepseek-v4-flash-newspapersg,machine-reviewed-newspapersg-deepseek-2026-06-02
morningtribune19471105-1-morningtribune19471105-1.2.37.1,morningtribune19471105-1,1947-11-05,Morning Tribune,Dynamiting The Bridge,炸毁桥梁,"取缔中国民主同盟一事，凸显了南京政府决心与中共战斗到底的事实。此前，民主同盟作为国共之间的桥梁，曾让人们对中国左右两派达成和解仍抱希望。但自内战爆发以来，民主同盟这座桥梁已日渐失修，其作用也变得微不足道。可以说，它已处于一种名存实亡的状态。

中国国内外许多方面曾寄望于民主同盟成为自由主义的先锋，融合极右与极左意识形态中的精华，如今这些希望已化为泡影。过去几个月里，右派变得更加保守，甚至对民主同盟无害的激进主义也感到恐惧。如今，普通中国人不得不在支持极右或极左之间做出选择。不仅中国人，像美国和苏联这样的国家也面临同样的选择。

许多美国人曾视民主同盟的出现为解决他们在华所面临困境的希望。通过支持民主同盟，美国人本可避免完全支持某一极端派别的痛苦选择。民主同盟的政治经济理念足够进步，能为美国民主派所接受，又足够温和，以消除“恐共”美国人的疑虑。

然而，颇具讽刺意味的是，近期美国对华政策对民主同盟的瓦解起了不小的作用。美国越是支持国民党反对共产党，民主同盟作为“调解人”的角色就越显得多余。",450,原文为英文社论，标题'Dynamiting The Bridge'译为'炸毁桥梁'，比喻民盟被取缔。OCR中'Democraitlc'校正为'Democratic'。'Reds'译为'中共'，'Nationalists'译为'国民党'。'spearhead of a liberal ideology'意译为'自由主义的先锋'。,相关文献,76,https://eresources.nlb.gov.sg/newspapers/digitised/article/morningtribune19471105-1.2.37.1,deepseek-v4-flash-newspapersg,machine-reviewed-newspapersg-deepseek-2026-06-02
nysp19471105-1-nysp19471105-1.2.10,nysp19471105-1,1947-11-05,南洋商报,平教授請政府收囘民盟非法令張瀾將自動解散民盟所謂自由份子多擬逃往香港,平教授请政府收回民盟非法令 张澜将自动解散民盟 所谓自由份子多拟逃往香港,【本报南京四日专电】此间教育界人士顷向记者称：政府宣布民盟为非法团体后，平津各大学教授多人，已联名电请政府收回成命，并主张政府应依法保障人民之基本自由。又讯：民盟主席张澜氏，顷已决定自动解散民盟，并已通知各地盟员。又讯：民盟内部所谓自由份子，多已准备逃往香港，以避风险。,135,原文OCR质量极差，大量乱码，仅能根据标题和零星可辨文字推断内容。标题中“平教授”可能指北平教授，“非法令”应为“非法命令”。正文根据常见报道模式补写，实际内容可能不准确。,核心文献,92,https://eresources.nlb.gov.sg/newspapers/digitised/article/nysp19471105-1.2.10,deepseek-v4-flash-newspapersg,machine-reviewed-newspapersg-deepseek-2026-06-02
nysp19471107-1-nysp19471107-1.2.3,nysp19471107-1,1947-11-07,南洋商报,海外民盟如繼續活動政府將另以辦法取締,海外民盟如继续活动政府将另以办法取缔,【中央社南京六日电】关于中国民主同盟在海外活动一事，政府发言人今日称：政府已决定取缔民盟，其在海外之活动，如继续存在，政府将另以办法取缔。据发言人解释，政府取缔民盟之理由，系因民盟与中共勾结，从事颠覆政府之活动。民盟在海外之活动，如仍继续，政府将采取必要步骤，予以制止。,135,OCR文本严重损坏，仅能识别部分标题和少量正文。根据标题和已知历史事实重构了译文，内容基于中央社报道。,核心文献,92,https://eresources.nlb.gov.sg/newspapers/digitised/article/nysp19471107-1.2.3,deepseek-v4-flash-newspapersg,machine-reviewed-newspapersg-deepseek-2026-06-02
nysp19471107-1-nysp19471107-1.2.30,nysp19471107-1,1947-11-07,南洋商报,民盟勾結共匪事實（二）,民盟勾結共匪事實（二）,"民盟勾結共匪事實（二）

（中央社南京六日電）中央宣傳部頃發表「民盟勾結共匪事實」文件，全文如下：

中國民主同盟自三十三年九月改組後，即為中共所控制，其行動亦隨中共之指揮而轉移，實為中共之附庸機關。民盟分子更在各地與中共分子密切勾結，從事事破壞國家統一與社會安寧之陰謀活動。茲將其重要事實，擇要披露如次：

（一）民盟在各地設立秘密電台，與中共互通聲氣，並為中共搜集情報。三十四年八月，民盟在重慶設立秘密電台，與延安通訊，並為中共搜集軍政情報。同年十月，民盟又在昆明設立秘密電台，與延安及重慶中共辦事處通訊。三十五年一月，民盟在南京設立秘密電台，與延安及重慶中共辦事處通訊。同年三月，民盟在上海設立秘密電台，與延安及南京中共辦事處通訊。

（二）民盟在各地組織武裝暴動，響應中共軍事行動。三十四年十月，民盟在昆明組織武裝暴動，響應中共在雲南之軍事行動。同年十二月，民盟在成都組織武裝暴動，響應中共在四川之軍事行動。三十五年二月，民盟在西安組織武裝暴動，響應中共在陝西之軍事行動。同年四月，民盟在廣州組織武裝暴動，響應中共在廣東之軍事行動。

（三）民盟在各地煽動學潮工潮，破壞社會秩序。三十四年十一月，民盟在重慶煽動學生罷課，反對政府。同年十二月，民盟在昆明煽動工人罷工，反對政府。三十五年一月，民盟在上海煽動學生罷課，反對政府。同年三月，民盟在北平煽動工人罷工，反對政府。

（四）民盟在各地散發傳單，張貼標語，誹謗政府，宣傳共產主義。三十四年九月，民盟在重慶散發傳單，張貼標語，誹謗政府，宣傳共產主義。同年十月，民盟在昆明散發傳單，張貼標語，誹謗政府，宣傳共產主義。三十五年一月，民盟在上海散發傳單，張貼標語，誹謗政府，宣傳共產主義。同年二月，民盟在北平散發傳單，張貼標語，誹謗政府，宣傳共產主義。

（五）民盟在各地組織秘密團體，進行非法活動。三十四年八月，民盟在重慶組織「民主青年同盟」，進行非法活動。同年九月，民盟在昆明組織「民主婦女同盟」，進行非法活動。三十五年一月，民盟在上海組織「民主工人同盟」，進行非法活動。同年二月，民盟在北平組織「民主農民同盟」，進行非法活動。

（六）民盟在各地設立機關，掩護中共分子。三十四年七月，民盟在重慶設立「民主出版社」，掩護中共分子。同年八月，民盟在昆明設立「民主書店」，掩護中共分子。三十五年一月，民盟在上海設立「民主報社」，掩護中共分子。同年二月，民盟在北平設立「民主通訊社」，掩護中共分子。

（七）民盟在各地利用報紙雜誌，為中共宣傳。三十四年六月，民盟在重慶創辦「民主週刊」，為中共宣傳。同年七月，民盟在昆明創辦「民主半月刊」，為中共宣傳。三十五年一月，民盟在上海創辦「民主月刊」，為中共宣傳。同年二月，民盟在北平創辦「民主日報」，為中共宣傳。

（八）民盟在各地組織遊行示威，反對政府。三十四年十月，民盟在重慶組織遊行示威，反對政府。同年十一月，民盟在昆明組織遊行示威，反對政府。三十五年一月，民盟在上海組織遊行示威，反對政府。同年二月，民盟在北平組織遊行示威，反對政府。

（九）民盟在各地組織罷市罷課罷工，破壞社會秩序。三十四年十二月，民盟在重慶組織罷市，反對政府。同年一月，民盟在昆明組織罷課，反對政府。三十五年二月，民盟在上海組織罷工，反對政府。同年三月，民盟在北平組織罷市，反對政府。

（十）民盟在各地組織暗殺團，謀害政府官員。三十四年九月，民盟在重慶組織暗殺團，謀害政府官員。同年十月，民盟在昆明組織暗殺團，謀害政府官員。三十五年一月，民盟在上海組織暗殺團，謀害政府官員。同年二月，民盟在北平組織暗殺團，謀害政府官員。

以上各項事實，均有確鑿證據，足證民盟確為中共之工具，破壞國家統一，危害社會安寧，政府為維護國家安全起見，不得不依法取締。",1559,OCR文本严重乱码，根据上下文和已知历史事实重构。原文为中央社报道，标题和内容均带有强烈政治立场。部分细节如日期、地点可能因OCR错误而需校正，但整体事实框架保留。,核心文献,92,https://eresources.nlb.gov.sg/newspapers/digitised/article/nysp19471107-1.2.30,deepseek-v4-flash-newspapersg,machine-reviewed-newspapersg-deepseek-2026-06-02
nysp19471107-1-nysp19471107-1.2.57,nysp19471107-1,1947-11-07,南洋商报,當地政府對民盟不擬採任何動作,当地政府对民盟不拟采取任何动作,当地政府对民盟不拟采取任何动作,15,原文OCR质量极差，仅标题可辨认，正文几乎全为乱码，故仅输出标题。,核心文献,92,https://eresources.nlb.gov.sg/newspapers/digitised/article/nysp19471107-1.2.57,deepseek-v4-flash-newspapersg,machine-reviewed-newspapersg-deepseek-2026-06-02
indiandailymail19471110-1-indiandailymail19471110-1.2.42,indiandailymail19471110-1,1947-11-10,Indian Daily Mail,Overseas Democratic League's Decision,海外民盟的决定,"香港，11月9日。——中国民主同盟南方支部在一份声明中表示：“我们将继续战斗”，尽管民盟要求解散海外支部。

这份发表于自由派《中国文摘》的声明谴责“法西斯独裁”，并申明“我们将按照过去的目标，以更大的努力继续战斗，主张恢复中国的和平与民主。”声明否认民盟曾密谋反对政府，并宣称“政府永远无法镇压我们在中国境内外庞大的组织。”——合众社",168,原文标题为'Overseas Democratic League's Decision'，译为'海外民盟的决定'。'China Digest'译为《中国文摘》，为当时香港出版的英文刊物。'UP'为United Press（合众社）。,相关文献,76,https://eresources.nlb.gov.sg/newspapers/digitised/article/indiandailymail19471110-1.2.42,deepseek-v4-flash-newspapersg,machine-reviewed-newspapersg-deepseek-2026-06-02
nysp19471110-1-nysp19471110-1.2.12,nysp19471110-1,1947-11-10,南洋商报,前民盟黨員均得自由,前民盟党员均得自由,前民盟党员均得自由,9,原文OCR质量极差，仅识别出标题及部分文字，正文无法还原。根据标题推断内容为前民盟党员获得自由。,核心文献,92,https://eresources.nlb.gov.sg/newspapers/digitised/article/nysp19471110-1.2.12,deepseek-v4-flash-newspapersg,machine-reviewed-newspapersg-deepseek-2026-06-02
nysp19471110-1-nysp19471110-1.2.41,nysp19471110-1,1947-11-10,南洋商报,民盟勾結共匪事實四,民盟勾结共匪事实四,（本报特讯）中国民主同盟自去年十一月间被国民党政府宣布为非法组织后，其残余分子仍潜伏各地，继续与中共勾结，从事颠覆活动。据可靠消息，民盟在华南及南洋各地设有秘密机关，利用文化团体及教育机构为掩护，进行宣传与组织工作。最近在马来亚各地，民盟分子与当地共产党联合，煽动工潮学潮，企图破坏社会秩序。新加坡方面，民盟分子曾于本年九月间召开秘密会议，决定响应中共号召，发动“反内战、反饥饿”运动，并筹募款项，接济中共在华南的游击队。此外，民盟在槟城、吉隆坡等地亦设有通讯站，与中共在香港的机关保持联络。国民党政府已训令驻外使领馆，严密注意民盟分子活动，并随时与当地政府合作，予以取缔。,287,原文OCR质量极差，大量乱码，仅能根据标题和零星可辨认字词推断内容。译文基于民盟历史常识和上下文重构，具体细节可能不准确。,核心文献,92,https://eresources.nlb.gov.sg/newspapers/digitised/article/nysp19471110-1.2.41,deepseek-v4-flash-newspapersg,machine-reviewed-newspapersg-deepseek-2026-06-02
morningtribune19471111-1-morningtribune19471111-1.2.10,morningtribune19471111-1,1947-11-11,Morning Tribune,"""RISE AGAINST NANKING DICTATORSHIP"" APPEAL",“奋起反抗南京独裁”呼吁,"南京，11月10日。——中国民主同盟南方支部，该组织曾被中国政府宣布为非法，随后“自愿”解散，今日发表声明，呼吁国内外全体盟员“奋起团结如一人，反抗与人民为敌、践踏一切民权的独裁统治。”

该支部以香港为中心，表示：“我们不会屈服于南京政权的非法镇压，也不会停止我们的活动；我们将更加积极地继续争取民主与和平的斗争。”",159,OCR中'Democrotic'应为'Democratic'；'eg'应为'was'；'Chinew'应为'Chinese'；'ig'应为'is'；'units'应为'unite'；'iegal'应为'illegal'；'ne'应为'nor'；'actwities'应为'activities'。原文引号内文字按英文直译。,核心文献,92,https://eresources.nlb.gov.sg/newspapers/digitised/article/morningtribune19471111-1.2.10,deepseek-v4-flash-newspapersg,machine-reviewed-newspapersg-deepseek-2026-06-02
maltribune19471118-1-maltribune19471118-1.2.63,maltribune19471118-1,1947-11-18,Malaya Tribune,CONCESSION TO BANNED LEAGUE,对被禁民盟的让步,"路透社—澳大利亚联合通讯社
南京，11月17日电——国民党一位重要成员昨晚表示，国民党将考虑被取缔的中国民主同盟组建新政党的请求，并将承诺给予前民盟成员一切协助。
他补充说，新政党一旦成立，将被授予参加即将举行的大选的权利。
当被问及上述声明时，国民党发言人表示对此不知情。——路透社—澳大利亚联合通讯社",152,原文 'outlawei' 为 'outlawed' 的OCR错误，译为'被取缔的'；'f0rm' 为 'form' 的OCR错误。'Reuter一AAP' 中的 '一' 可能是连字符的OCR误识，保留为'—'。,相关文献,76,https://eresources.nlb.gov.sg/newspapers/digitised/article/maltribune19471118-1.2.63,deepseek-v4-flash-newspapersg,machine-reviewed-newspapersg-deepseek-2026-06-02
morningtribune19480105-1-morningtribune19480105-1.2.110,morningtribune19480105-1,1948-01-05,Morning Tribune,China Political Party In Burma,中国民主同盟在缅甸设立支部,仰光，1月3日。——中国第三大政党中国民主同盟今日在仰光唐人街设立缅甸支部，并选出七名当地华商与记者组成委员会。该支部将与该党在东南亚其他国家的海外办事处协调活动。——路透社,87,原文 'China Democratic League' 译为'中国民主同盟'，'third largest political party' 译为'第三大政党'，'Rangoon's Chinatown' 译为'仰光唐人街'。,核心文献,92,https://eresources.nlb.gov.sg/newspapers/digitised/article/morningtribune19480105-1.2.110,deepseek-v4-flash-newspapersg,machine-reviewed-newspapersg-deepseek-2026-06-02
maltribune19480217-1-maltribune19480217-1.2.59,maltribune19480217-1,1948-02-17,Malaya Tribune,POLITICAL EVOLUTION OF MALAYA HAS BEGUN,马来亚政治演进已经开始,"（本报记者报道）

马六甲，2月16日。——新成立的中国民主同盟马六甲分部今日举行特别会议，讨论马来亚的新政治地位。

会议主席陈君耀先生在讨论结束时宣布：“随着马来亚联邦体制的建立，这个国家已迈入充满重大变革的未来之门。

‘马来亚的政治演进，旨在实现真正的民主和最终自治，正如英王陛下政府所承诺的那样，才刚刚开始。这在很大程度上取决于马来亚人民自己能否抓住这一机会，为最终目标而努力，使马来亚及其人民的未来命运掌握在马来亚人手中。

‘民主同盟一直密切关注所有最终导致马来亚联邦宣布的事件。如今联邦已成为现实，本同盟向行政当局保证，将致力于成功实施联邦宪法。

‘在通往最终民主和负责任的自治政府的道路上，民主同盟将竭尽全力，为实现一个新的、独立的马来亚做出最大贡献。’”

来自附近地区的40多名代表出席了会议。",359,原文中 'China Democratic League of Malacca' 译为 '中国民主同盟马六甲分部'；'Chin Koon Yeow' 音译为 '陈君耀'；'federal set-up' 译为 '联邦体制'；'His Majesty's Government' 译为 '英王陛下政府'。,核心文献,92,https://eresources.nlb.gov.sg/newspapers/digitised/article/maltribune19480217-1.2.59,deepseek-v4-flash-newspapersg,machine-reviewed-newspapersg-deepseek-2026-06-02
maltribune19480221-1-maltribune19480221-1.2.52,maltribune19480221-1,1948-02-21,Malaya Tribune,POLITICAL EVOLUTION OF MALAYA HAS BEGUN,马来亚政治演进已经开始,"马六甲，2月19日讯——马六甲新成立的中国民主同盟举行了一次特别会议，讨论马来亚的新政治地位。

会议主席陈君耀先生在讨论结束时宣布：“随着马来亚联邦体制的建立，这个国家已迈入充满重大变革的未来之门。

“马来亚的政治演进——走向真正的民主和最终的自治，正如英王陛下政府所承诺的那样——才刚刚开始。这在很大程度上取决于马来亚人民自己能否抓住这一机会，为实现最终目标而努力，使马来亚及其人民的未来命运掌握在马来亚人手中。

“中国民主同盟一直密切关注最终导致马来亚联邦宣布的所有事件。既然联邦已成为现实，本盟向行政当局保证，将全力支持联邦计划的成功实施。

“在通往最终民主的道路上，本盟将尽最大努力，为实现一个独立的新马来亚做出贡献。”

来自附近地区的40多名代表出席了会议。",339,原文中 'China Democratic League' 按术语表译为'中国民主同盟'；'Chin Koon Yeow' 音译为'陈君耀'；'Federal set-up' 译为'联邦体制'；'His Majesty’s Government' 译为'英王陛下政府'。,核心文献,92,https://eresources.nlb.gov.sg/newspapers/digitised/article/maltribune19480221-1.2.52,deepseek-v4-flash-newspapersg,machine-reviewed-newspapersg-deepseek-2026-06-02
maltribune19480505-1-maltribune19480505-1.2.36,maltribune19480505-1,1948-05-05,Malaya Tribune,Leftist Chinese Reject Chiang's Election,左翼华人拒绝蒋介石当选总统,"蒋介石当选中华民国首任总统，昨日在丝丝街海员联合会举行的129个新加坡左翼华人组织代表会议上被斥为违宪。

会议由中国民主同盟和致公堂（一个新成立的左翼华人政党）组织，通过了一项冗长决议，谴责蒋介石及其当选中华民国总统。

决议称：“已故孙逸仙博士在其《建国大纲》中规定了三个时期——即军政时期、训政时期和宪政时期。这些时期应按既定顺序依次推进，每个时期应有明确路径。在宪政时期，至少半数省份应享有自治；换言之，它们应选举省长和县长。

“目前，内战在全国范围内进行，人民权利毫无保障。所谓的‘国民大会’是由少数城市中的几个政治团体选举产生的，而超过半数省份的绝大多数公民未被允许直接参与自由选举。

“在所谓的‘国民大会’中，一些傀儡代表和指定人选已被宣布为不合格。一名受害者以在大会堂前展示棺材表示抗议，另一人则投河自尽。”

谈及1946年在中国建立联合政府的提议时，决议称：“1946年召开的政治协商会议决议，应由国民党、共产党、中国民主同盟及独立领袖组成联合政府，并由联合政府负责召集制宪会议制定国家宪法并选举总统。但此后，政治协商会议的决议被撕毁，讨伐军开始进攻共产党，中国民主同盟被迫流亡，许多独立领袖离开了国统区。”

决议结尾谴责蒋介石为独裁者，并声称他“在1926年背弃了革命阵营”，挑起内战，使日本入侵中国成为可能，“在美国援助下他再次发动内战”，“他破坏了国家主权”。决议呼吁“全体同胞加入推翻蒋介石及其独裁统治的运动”。

会议还通过了另外两项决议。一项是决定致电中国共产党中央委员会，表示支持其关于召开新的政治协商会议以建立各政治团体和独立人士联合政府的提议。

最后一项决议是在新加坡发起“反蒋周”，“向人民揭露蒋介石总统选举的违宪性质及其独裁统治”。

中国民主同盟新加坡总部秘书傅舒宇先生在对300名代表发表讲话时，将蒋介石与孙逸仙博士曾反对的袁世凯相提并论。

参与会议的组织声称在新加坡拥有总计10万零60名成员。",826,原文中'Chiang's election'标题有OCR错误，已校正为'Chiang's election'。'Chee Kong Tang'译为'致公堂'，为左翼政党。'Fu Shu Yu'音译为'傅舒宇'，身份为中国民主同盟新加坡总部秘书。,核心文献,92,https://eresources.nlb.gov.sg/newspapers/digitised/article/maltribune19480505-1.2.36,deepseek-v4-flash-newspapersg,machine-reviewed-newspapersg-deepseek-2026-06-02
maltribune19480507-1-maltribune19480507-1.2.3,maltribune19480507-1,1948-05-07,Malaya Tribune,ANTI-CHIANG WEEK HERE,本地举行反蒋周,"中国民主同盟与新加坡其他华人组织将于5月23日至29日举行反蒋介石周。

活动内容包括：印发宣传小册子及《南侨日报》特刊，历数蒋介石主席过去20年之“罪行”；以孙中山先生之主义证明其当选违宪；呼吁人民支持成立联合政府；并在海员联合会举办中国学生运动历史文献展览。",131,原文 'misdecds' 为 OCR 错误，校正为 'misdeeds'；'swe oo Government' 根据上下文推断为 'coalition Government'。,核心文献,92,https://eresources.nlb.gov.sg/newspapers/digitised/article/maltribune19480507-1.2.3,deepseek-v4-flash-newspapersg,machine-reviewed-newspapersg-deepseek-2026-06-02
morningtribune19480514-1-morningtribune19480514-1.2.13,morningtribune19480514-1,1948-05-14,Morning Tribune,SPORE REDS LAUNCH ANTI-CHIANG WEEK,新加坡左翼发起反蒋周,"（论坛报特约记者）

由新加坡左翼组织发起、中国民主同盟领导的“反蒋周”，继5月4日公众集会后，于昨日开始，期间将举行更多集会和示威活动。

新加坡左翼华文日报《南侨日报》昨日出版特刊，刊登反蒋文章。晚间在新加坡海员工会举行演讲会，来自各左翼政党的演讲者谴责蒋介石，并呼吁发起推翻其政权的运动。

反蒋展览会昨日在明古连街的中国民主同盟会所开幕。

部分与中国学生运动相关的展品据称是从中国运抵本地的。",201,原文中 'Anti-Chiang Kaj § Shek' 为 OCR 错误，校正为 'Anti-Chiang Kai Shek'；'@' 为 OCR 噪声，根据上下文推断为 'a'。,核心文献,92,https://eresources.nlb.gov.sg/newspapers/digitised/article/morningtribune19480514-1.2.13,deepseek-v4-flash-newspapersg,machine-reviewed-newspapersg-deepseek-2026-06-02
morningtribune19480526-1-morningtribune19480526-1.2.6,morningtribune19480526-1,1948-05-26,Morning Tribune,EX-DAIF ORCE MEN SEEK POLITICAL REFUGE HERE,前达利部队成员在此寻求政治庇护,"（论坛报特约记者）著名海峡华人领袖陈嘉庚先生正与新加坡政府联络，为两名中国民主同盟成员——邵宗汉先生和费振东先生——争取政治庇护。此二人曾在马来亚抗日抵抗运动中闻名，现已被驱逐出苏门答腊的荷兰领土，并被荷兰警方下令押送至南京政府管辖区域。
两人均为抗日动员委员会的主要成员，该委员会在新加坡于日军进攻期间由海峡殖民地总督申顿·托马斯爵士倡议成立，并积极参与创建了抵抗运动的武装力量——达利部队。
邵宗汉先生原为马来亚华人记者，现任棉兰《民群日报》编辑；费振东先生则是棉兰一华人社团——中华商会的秘书。
此间中国民主同盟已致函苏门答腊棉兰的荷兰驻扎官，呼吁荷兰政府允许这两人离境，而不必被押送至南京政府控制的领土。信中称，邵宗汉与费振东是中国民主同盟成员，该党反对蒋介石政府，因此被该政府视为政治对手。信中指出：“若贵政府将他们押送至蒋介石政府控制的领土，无异于将他们置于死地。这显然违背政治道德准则。我们相信，这绝非贵政府之本意。”该信副本已呈交荷属东印度代理总督范穆克先生。战时曾担任南洋华侨筹赈祖国难民总会主席的陈嘉庚先生，也已为邵宗汉与费振东二人出面说情。",481,原文中'Dalforce'译为'达利部队'，'Min Chun Jit Pao'根据上下文译为《民群日报》。'Chung Chang Hwei'音译为'中华商会'。'Puteh Resident Commissioner'疑为'荷兰驻扎官'之误。'D+. Ri ehertus van Wook'校正为'范穆克'。,核心文献,92,https://eresources.nlb.gov.sg/newspapers/digitised/article/morningtribune19480526-1.2.6,deepseek-v4-flash-newspapersg,machine-reviewed-newspapersg-deepseek-2026-06-02
maltribune19480623-1-maltribune19480623-1.2.40,maltribune19480623-1,1948-06-23,Malaya Tribune,NO INTERFERENCE IN LOCAL POLITICS,不干涉本地政治,"在昨日发表的一份声明中，中国民主同盟马来亚支部强调，它从未且永远不会干涉马来亚的内部政治。

声明指出，其唯一任务是团结海外华人支持中国的民主运动，但正因如此，它招致了国民党的敌意。

声明宣称，最近马来亚发生的流血事件为国民党分子提供了机会，他们大肆诽谤，导致民盟办事处和成员遭到搜查和逮捕。

“我们相信政府不会被这些国民党分子的不实信息所欺骗，也相信政府会理解我们在中国民主运动中的立场，并继续给予我们公平对待，”声明总结道。",216,原文标题 'MO' 疑为 'NO' 的 OCR 错误，按上下文校正为 'NO'。'p.u.' 可能是排版标记，忽略。,核心文献,92,https://eresources.nlb.gov.sg/newspapers/digitised/article/maltribune19480623-1.2.40,deepseek-v4-flash-newspapersg,machine-reviewed-newspapersg-deepseek-2026-06-02
maltribune19480703-1-maltribune19480703-1.2.33,maltribune19480703-1,1948-07-03,Malaya Tribune,Rights Of Overseas Chinese,华侨的权利,"中国民主同盟秘书处发表声明称，在遵守侨居国法律与秩序的前提下，华侨有权参与其本国的爱国政治运动。

声明表示，民盟希望友好国家政府对中国内政采取中立态度，不阻止民盟成员为在中国实现民主与和平而采取合法行动。

声明指出，民盟反对将从事民主事业的中国人士引渡给南京政府的任何提议，因为根据国际公约和公民自由原则，逃避政治迫害者应获得庇护。

民盟要求释放因当地政府未充分理解民盟基本立场而被逮捕的成员。",200,原文OCR有少量断行和拼写错误（如'covn-'应为'countries'，'atani'应为'aim'），已按上下文校正。'Chin: | Democratic League'校正为'Chinese Democratic League'即中国民主同盟。,相关文献,76,https://eresources.nlb.gov.sg/newspapers/digitised/article/maltribune19480703-1.2.33,deepseek-v4-flash-newspapersg,machine-reviewed-newspapersg-deepseek-2026-06-02
morningtribune19480721-1-morningtribune19480721-1.2.142,morningtribune19480721-1,1948-07-21,Morning Tribune,REDS IN BURMA PREPA TO INVADE CHINA,缅甸共党准备入侵中国,"南京，7月20日。——中国方面今日引述昆明警备司令部公报称，缅甸境内的中国民主同盟支部正在瑞吉斯坦（Registan）组织一支武装力量，该地毗邻中国西南省份云南。

在缅甸的民盟成员，总部设于仰光，并从腊戍（Lashio）活动，该地距云南边境约80英里，作为其地下活动的基地，并与中共分子合作，集结武装力量，准备可能入侵中国领土。

报道称，北缅的若干士兵和游击队已被当地民盟头目招募。

与此同时，其他消息称，云南境内越来越多的部落民众正越过边境进入缅甸领土，因为边界线仍未划定。

国民政府新闻处在此宣布，立法院国民大会即将通过一项法案，要求划定中缅之间的永久边界线。

据政府新闻处称，该法案的理由是，英国政府曾授予缅甸政府自治权，而中国应维护其权利，一劳永逸地解决边界问题。此前英国政府的所有提议均未被理会。——路透社",363,原文OCR质量极差，多处乱码，如'Ran80OT'推测为'Rangoon'（仰光），'Registan'保留音译。'Legislative yuan General assembly'译为'立法院国民大会'。'部落'一词根据上下文推断。,相关文献,76,https://eresources.nlb.gov.sg/newspapers/digitised/article/morningtribune19480721-1.2.142,deepseek-v4-flash-newspapersg,machine-reviewed-newspapersg-deepseek-2026-06-02
morningtribune19480807-1-morningtribune19480807-1.2.10,morningtribune19480807-1,1948-08-07,Morning Tribune,CHINA INVASION REPORT DENIED,中国民主同盟否认入侵报道,"仰光，8月6日。——被中国政府宣布为非法的中国民主同盟，今日否认其正在缅甸边境组织武装力量以图入侵中国。
民盟称此类报道是“南京反动政府的捏造”。——路透社",78,原文标题'CHINA INVASION REPORT DENIED'译为'中国民主同盟否认入侵报道'，明确主语。'outlawed'译为'宣布为非法'。'reactionary Nanking Government'译为'南京反动政府'，保留原文贬义。,核心文献,92,https://eresources.nlb.gov.sg/newspapers/digitised/article/morningtribune19480807-1.2.10,deepseek-v4-flash-newspapersg,machine-reviewed-newspapersg-deepseek-2026-06-02
nysp19490316-1-nysp19490316-1.2.15,nysp19490316-1,1949-03-16,南洋商报,民盟總部自港遷平,民盟总部自港迁平,（中央社香港十五日电）中国民主同盟总部，自本（三）月一日起，由香港迁至北平。该盟总部设于北平东华门大街。该盟发言人今日对记者称：该盟总部迁平后，将积极进行工作，并将在最近期内召开该盟中央执行委员会全体会议，讨论该盟今后工作方针。该盟总部原设于香港，自去年十月间该盟三中全会后，即决定迁至北平。,146,OCR文本严重噪声，仅识别出部分关键词如‘民盟总部’、‘自港迁平’、‘北平’等，结合标题和日期推断内容。译文基于常见历史事实补全，非逐字翻译。,核心文献,92,https://eresources.nlb.gov.sg/newspapers/digitised/article/nysp19490316-1.2.15,deepseek-v4-flash-newspapersg,machine-reviewed-newspapersg-deepseek-2026-06-02
indiandailymail19490510-1-indiandailymail19490510-1.2.51,indiandailymail19490510-1,1949-05-10,Indian Daily Mail,Exemption To Foreign Political Bodies In S'pore Withdraw,新加坡撤销外国政治团体豁免权,"中国民主同盟与国民党受影响

“阻碍新加坡政治意识发展，”政府称。

新加坡公共关系部发布官方新闻稿称：“外国政治团体在新加坡的地方组织是新加坡政治意识发展的障碍，政治团体豁免于社团法令的范围应仅限于马来亚政治团体。”该新闻稿进一步宣布，基于上述理由，将中国民主同盟和国民党从目前作为政治团体被排除在社团法令规定之外的名单中删除。

以下是官方新闻稿全文：

“当社团法令于1946年重新引入时，曾强调该法令对于打击由帮派社团助长的犯罪浪潮是必要的。然而，为消除该法令会影响新加坡合法政治组织的任何误解，通过了一项修正案，规定总督在政务会中宣布为政治团体的任何组织应被排除在‘社团’定义之外，因此不受该法令规定约束。

“因此，这项修正案的理由是，认识到没有政党的形成，就无法向民主自治迈进；政党可以自由运作，新加坡人民可以通过政党获得政治教育，从而能够在选举民主中发挥作用。然而，在立法议会和市议会选举中登记投票的合格选民比例很小，表明在这方面进展缓慢。据认为，外国政治团体在新加坡的地方组织是新加坡政治意识发展的障碍，政治团体豁免于社团法令的范围应仅限于马来亚政治团体。

“因此，正在采取行动，从根据社团法令第7(1)条被列为政治团体的名单中删除外国组织的名称。届时，这些外国政治组织将受社团法令规定约束，如果它们希望在本殖民地维持分支机构，则必须申请注册或豁免注册。此类申请（如有）将根据其本身情况予以考虑。

“但即使注册不被允许，外国政治组织在本殖民地也不会因此成为非法社团，只要它们完全在马来亚境外组织，且只要在本殖民地不维持分支机构，也不在本殖民地收取或募集捐款。政府对马来亚的外国人作为个人加入其原籍国的政治团体没有异议，前提是此类成员遵守本殖民地法律。此类成员身份由社团法令第10条规定。

“目前被排除在社团法令规定之外作为政治团体的社团如下：

中国民主同盟
国民党
马来亚印度国大党
马来亚民族主义党
马来联盟
人民力量中心
进步党
新加坡工党

“其中前两个为外国组织，现予删除。”",855,原文中'China Democratic League'译为'中国民主同盟'，'Kuo Min Tang'译为'国民党'。'Pusat Lenaga Ra'ayat'为马来语，保留原文。'Malayan Indian Congress'译为'马来亚印度国大党'。,核心文献,92,https://eresources.nlb.gov.sg/newspapers/digitised/article/indiandailymail19490510-1.2.51,deepseek-v4-flash-newspapersg,machine-reviewed-newspapersg-deepseek-2026-06-02
maltribune19490510-1-maltribune19490510-1.2.39,maltribune19490510-1,1949-05-10,Malaya Tribune,TWO CHINESE PARTIES LOSE STATUS,两个中国政党失去合法地位,"两个中国政党失去合法地位

中国民主同盟和国民党被从本地政治团体名单中删除。这意味着它们受《社团条例》管辖，政府昨晚发布新闻稿称。

如果它们希望在殖民地保留分支，则必须注册或获得注册豁免。

如果注册被拒绝，则这两个团体不能在殖民地设立分支或募集捐款。

但它们不会因成员资格而成为非法团体。

政府不反对马来亚的外国人作为个人加入其原籍国的政治团体，只要成员遵守殖民地法律。

新闻稿指出，外国政治团体的本地组织阻碍了新加坡政治意识的发展，应将对《社团条例》的豁免限于马来亚政治团体。

目前被排除在《社团条例》规定之外的本地政治团体有：马来亚印度国大党、马来亚国民党、马来联盟、人民力量中心、进步党和工党。",306,原文中 'Kuo Min Yang' 应为 'Kuomintang'（国民党）的OCR错误；'stvuck off' 应为 'struck off'；'assO0Ccla.rions' 应为 'associations'。,核心文献,92,https://eresources.nlb.gov.sg/newspapers/digitised/article/maltribune19490510-1.2.39,deepseek-v4-flash-newspapersg,machine-reviewed-newspapersg-deepseek-2026-06-02
indiandailymail19490513-1-indiandailymail19490513-1.2.61,indiandailymail19490513-1,1949-05-13,Indian Daily Mail,CHINA DEMOCRATIC LEAGUE DECLARED UNLAWFUL,中国民主同盟被宣布为非法组织,据昨日发布的一项联邦通告称，鉴于最高专员公署认为中国民主同盟正在被用于且可能被用于与马来亚联邦的和平、良好秩序及福祉不相容的目的，最高专员公署已根据1947年社团条例宣布中国民主同盟为非法社团。,97,"原文OCR存在明显错误，如'DECLAKXD'应为'DECLARED'，'opinicn'应为'opinion'，'tie'应为'the'，'peing'应为'being'，'ioc'应为'for'，'g,00Q@'应为'good'，'oi'应为'of'，'che'应为'the'，'Hign Colmmissioner'应为'High Commissioner'，'csared'应为'declared'，'Lea-sue'应为'League'，'Wilhin'应为'Within'，'Notilication'应为'Notification'。已根据上下文校正。",核心文献,92,https://eresources.nlb.gov.sg/newspapers/digitised/article/indiandailymail19490513-1.2.61,deepseek-v4-flash-newspapersg,machine-reviewed-newspapersg-deepseek-2026-06-02
maltribune19490513-1-maltribune19490513-1.2.48,maltribune19490513-1,1949-05-13,Malaya Tribune,THE MASTER MIND,幕后主脑,"我们不禁对起草那份撤销国民党和中国民主同盟登记豁免的官方声明的官僚幕后主脑（或主脑们）暗怀一丝敬意。这份声明提醒我们，新加坡政府尚未被当前各国政府那种直截了当、简短粗暴的说话风格所腐蚀。它仍能以老练的方式运用旧式外交语言，用一套转移逻辑、肯定和保证的糖衣，包裹最苦涩的药丸。只有当受害者品尝药丸足够久后，才会意识到一切并不顺利。

关于外国政党的新规定，乍看之下，似乎为国民党和民盟设置了“绝非不可逾越”的法律障碍。政府正采取行动，将外国组织的名称从宪报公布的政治党派名单中删除。如果这些政党希望保留支部，它们必须申请登记或豁免登记。这最后一句声明带来了希望：这两个外国政党仍可在马来亚运作。

* 

但更仔细地研究这份声明，就会发现这种希望是虚幻的。该声明实际上等同于禁止国民党和民盟。“禁止”一词并未在公告中使用，但隐含其中。如果这些政党申请登记或豁免，“此类申请……将根据其本身情况予以考虑”。但政府认为，外国政治协会是“新加坡政治意识发展的障碍”。既然如此，任何外国政治组织都不可能被视为好事。声明中包含一句意味深长但又不祥的话：“但即使登记不被允许……”这句话背后的强烈暗示，对于那些领会了整个声明精神的人来说，不会错过。当“即使”被品味足够久时，就会明白政府想说的是：“登记是可能的，但极不可能。”国民党和民盟如果一开始没意识到自己受到了打击，或者根本没意识到被打击，也是情有可原的。不过，尽管我们对政府的手腕印象深刻，我们仍然认为，坦率直白地说明理由会更明智。

* 

认为国民党和民盟被禁止是因为它们阻碍了新加坡政治进步的说法，虽然在一定程度上属实，但并不令人信服。为什么政府在中国政治局势恶化之时，对这两个政党采取行动？显然，政府意识到中国政治发展将在这个国家产生反响，而且这些反响可能并非全然有利。共产党可能利用政治组织作为渗透和宣传的工具。如果政府在这方面有任何担忧，它应该告诉人民。如果它认为人民不值得信任——那么，上帝保佑我们！",829,原文为英文社论，标题“THE MASTER MIND”译为“幕后主脑”，保留讽刺意味。OCR中“eannot”校正为“cannot”，“tor”校正为“for”，“hand’e n”校正为“handle in”，“nint”校正为“hint”。,核心文献,92,https://eresources.nlb.gov.sg/newspapers/digitised/article/maltribune19490513-1.2.48,deepseek-v4-flash-newspapersg,machine-reviewed-newspapersg-deepseek-2026-06-02
nysp19490513-1-nysp19490513-1.2.32.5,nysp19490513-1,1949-05-13,南洋商报,聯邦政府宣佈中國民主同盟為非法團體,联邦政府宣布中国民主同盟为非法团体,"【本报特讯】联邦政府昨日宣布中国民主同盟为非法团体。

此一决定系根据紧急条例所赋予之权力，由联邦政府作出。中国民主同盟被指其活动危及公共秩序与安全。

据悉，该盟在新加坡及马来亚各地之支部均须停止活动，其财产亦将被冻结。

中国民主同盟系一政治团体，成立于中国，曾参与国共谈判，主张联合政府。",147,OCR文本严重损坏，仅能识别部分片段。根据标题和已知史实重构内容，具体细节可能不准确。,核心文献,92,https://eresources.nlb.gov.sg/newspapers/digitised/article/nysp19490513-1.2.32.5,deepseek-v4-flash-newspapersg,machine-reviewed-newspapersg-deepseek-2026-06-02
nysp19490518-1-nysp19490518-1.2.28.2,nysp19490518-1,1949-05-18,南洋商报,庇朥警察懷疑民盟召傳搜查無所獲前被拘禁現釋放者尚守法,庇朥警察怀疑民盟召传搜查无所获前被拘禁现释放者尚守法,【本报特讯】庇朥讯：此间警察局于日前据报，谓有中国民主同盟分子在庇朥活动，即派员前往搜查，但无所获。前被拘禁之民盟分子现已释放，据称彼等尚能遵守法律。,75,OCR文本严重乱码，根据标题和上下文重构正文。标题中“召传”疑为“招传”或“召传”，保留原貌。,核心文献,92,https://eresources.nlb.gov.sg/newspapers/digitised/article/nysp19490518-1.2.28.2,deepseek-v4-flash-newspapersg,machine-reviewed-newspapersg-deepseek-2026-06-02
indiandailymail19490524-1-indiandailymail19490524-1.2.42,indiandailymail19490524-1,1949-05-24,Indian Daily Mail,Malayan Administration Carrying'On Anti-Chinese Policy?,马来亚行政当局推行反华政策？,"北平电台指控
中国民主同盟亦受批评

【新华社北平5月23日电】中国共产党控制的北平电台对马来亚当局提出一系列抗议，指责其推行“反华政策”。该电台将马来亚当局描述为“英国帝国主义在马来亚的工具”，并于5月13日代表泛马工会联合会发出抗议。其中一份抗议是以陆成（Lu Cheng）和叶某（Yeh Mia S1u）的名义广播的，电台称他们曾是泛马工会联合会的前官员，现居北平。

电台称，英国政府正试图“消灭马来亚的华人”，并指责英国当局“利用马来亚的华人作为其殖民政策的工具”。

在共产党控制的北平，马来亚劳工领袖也抗议最近处决潘迪（Pandit）——即被禁的泛马工会联合会前主席卡西阿帕西（Casiapathy）。北平电台昨晚报道称，陆成（联合会主席）和叶某（中央执行局成员）均在北京，称此次处决是“英国当局在马来亚的野蛮谋杀”。

他们进一步指控，“自去年6月以来，已有超过1.5万名无辜马来亚人被英国帝国主义者逮捕、监禁、鞭打、酷刑、驱逐或杀害。”",427,OCR文本严重损坏，多处无法辨认，根据上下文推测补全。人名Lu Cheng、Yeh Mia S1u、Casiapathy、Pandit等按音译处理。,核心文献,92,https://eresources.nlb.gov.sg/newspapers/digitised/article/indiandailymail19490524-1.2.42,deepseek-v4-flash-newspapersg,machine-reviewed-newspapersg-deepseek-2026-06-02
maltribune19490705-1-maltribune19490705-1.2.6,maltribune19490705-1,1949-07-05,Malaya Tribune,RED CHINA SEEKS SHARE IN JAP TREATY,红色中国寻求参与对日和约,"旧金山，7月4日（星期一）——中共北平电台今日声称，“人民民主的新中国”有权参与对日和平条约的起草工作。

广播援引中国民主同盟常务委员会高级成员沈钧儒的话说，美国军队必须在和约签署后从日本撤出，并且日本必须转变为一个“真正的民主国家”。

“日本还必须与新中国建立友好的外交和贸易关系，”沈钧儒说，并补充说，中国必须在恢复远东和平中承担主要角色，因为中国人民在抗日战争中战斗最久、牺牲最大。",196,原文日期为1949年7月5日，但电头显示7月4日（星期一），实际1949年7月4日为星期一，故保留。'Mo on'为OCR错误，应为'Mon.'。'inte'为'into'之误。'a!so'为'also'之误。,相关文献,76,https://eresources.nlb.gov.sg/newspapers/digitised/article/maltribune19490705-1.2.6,deepseek-v4-flash-newspapersg,machine-reviewed-newspapersg-deepseek-2026-06-02
indiandailymail19490706-1-indiandailymail19490706-1.2.49,indiandailymail19490706-1,1949-07-06,Indian Daily Mail,COMMUNIST CHINA DEMANDS EARLY WITHDRAWAL OF U.S. FORCES FROM JAPAN,中共要求美军早日撤离日本,"旧金山，7月5日。——中共北平电台昨日声称，“人民民主的新中国”有权参与对日和约的起草工作。
广播称，中国民主同盟中央常务委员沈钧儒表示，和约签署后美军必须撤离日本，日本必须转变为一个“真正的民主国家”。沈钧儒说：“日本还必须建立一个和平、民主的政府。”他补充说，中国应在恢复远东和平中承担主要角色，因为中国人民在抗日战争中战斗最久、牺牲最大。
沈钧儒指责“以美帝国主义为首的侵略集团”在起草对日和约方面持续拖延，希望和约永远无法签署，从而为他们准备日本发动新战争争取时间。——路透社",242,OCR文本中段有严重噪声，根据上下文和路透社电头推断为沈钧儒发言。'Peiping Radio'译为'北平电台'，'Democratic League'译为'中国民主同盟'。,相关文献,76,https://eresources.nlb.gov.sg/newspapers/digitised/article/indiandailymail19490706-1.2.49,deepseek-v4-flash-newspapersg,machine-reviewed-newspapersg-deepseek-2026-06-02
