page_id,tier,action,grade,date,doc_key,issue_count,issue_types,changed,reasons,hard_issues,title
255,C-人工精校,manual,核心文献,1946,frus1946v10/d309,3,"english_residue,glossary_miss,core_machine_draft",no,原文较长(3751字),英文残留：Canton-Hankow；Kuomintang 可能未统一为国民党；术语缺失：Generalissimo->委员长,"Minutes of Meeting Between General Marshall and General Yu Ta-wei at No. 5 Ning Hai Road, Nanking, December 1946, 11 a.m."
59,C-人工精校,manual,核心文献,31 January 1946,frus1946v09/d41,3,"length_short,glossary_miss,core_machine_draft",no,长度问题,术语缺失：Generalissimo->委员长,General Marshall to President Truman
64,C-人工精校,manual,核心文献,"April 10, 1946",frus1946v09/d54,3,"english_residue,glossary_miss,core_machine_draft",no,原文较长(4880字)；核心主题页,英文残留：Communist、Embtel、Smyth、Post；术语缺失：Generalissimo->委员长,The Counselor of Embassy in China (Smyth) to the Secretary of State
51,C-人工精校,manual,核心文献,"December 26, 1945",frus1945v07/d574,3,"english_residue,glossary_miss,core_machine_draft",no,原文较长(4199字),英文残留：Walter、Robertson；术语缺失：Kuomintang->国民党,"Notes on General Marshall’s First Conference With the Democratic League, 1600, 26 December 1945"
266,C-人工精校,manual,核心文献,"December 28, 1946",frus1946v10/d353,3,"english_residue,glossary_miss,core_machine_draft",no,原文较长(11593字)；核心主题页,英文残留：Telegram、Marshall；术语缺失：Generalissimo->委员长,General Marshall to President Truman
359,C-人工精校,manual,核心文献,"January 11, 1949",frus1949v08/d33,3,"english_residue,glossary_miss,core_machine_draft",no,核心主题页,英文残留：Official、Secretary、Conference、Vice、NCBSH、Tientsin、Clubb；术语缺失：Kuomintang->国民党,The Consul General at Peiping (Clubb) to the Secretary of State
67,C-人工精校,manual,核心文献,"January 24, 1946",frus1946v09/d74,3,"english_residue,glossary_miss,core_machine_draft",yes,原文较长(4925字)；核心主题页,英文残留：Hart；术语缺失：Generalissimo->委员长,"Minutes of Meeting Between General Marshall and General Chang Chun, at House 28, Chungking, January 24, 1946, 11 a.m."
11,C-人工精校,manual,核心文献,"July 14, 1944",frus1944v06/d385,3,"english_residue,glossary_miss,core_machine_draft",no,原文较长(3803字)；核心主题页,英文残留：Penfield；术语缺失：Kuomintang->国民党,The Second Secretary of Embassy in China (Penfield) to the Secretary of State
136,C-人工精校,manual,核心文献,"July 16, 1946",frus1946v09/d679,3,"english_residue,glossary_miss,core_machine_draft",no,原文较长(2372字)；核心主题页,英文残留：Yung、Hisang、Terrace、Tung、Walton；术语缺失：Kuomintang->国民党,Memorandum by General Chou En-lai to General Marshall
299,C-人工精校,manual,核心文献,"July 5, 1947",frus1947v07/d184,3,"english_residue,glossary_miss,core_machine_draft",no,硬性检查未过,英文残留：Walton、Butterworth；术语缺失：Generalissimo->委员长,The Ambassador in China (Stuart) to the Secretary of State
132,C-人工精校,manual,核心文献,"July 8, 1946",frus1946v09/d648,3,"english_residue,glossary_miss,core_machine_draft",no,原文较长(3573字),英文残留：Ante；术语缺失：Generalissimo->委员长,"Minutes of Meeting Between General Marshall and General Chou En-lai at No. 5 Ning Hai Road, Nanking, July 8, 1946, 4 p.m."
370,C-人工精校,manual,核心文献,"June 2, 1949",frus1949v08/d427,3,"english_residue,glossary_miss,core_machine_draft",no,原文较长(3037字)；核心主题页,英文残留：Cabot、ConGentel；术语缺失：Chang Po-chun->章伯钧,The Consul General at Shanghai (Cabot) to the Secretary of State
371,C-人工精校,manual,核心文献,"June 2, 1949",frus1949v08/d427,3,"english_residue,glossary_miss,core_machine_draft",no,核心主题页,英文残留：Cabot；术语缺失：Kuomintang->国民党,The Consul General at Shanghai (Cabot) to the Secretary of State
33,C-人工精校,manual,核心文献,"June 6, 1945",frus1945v07/d274,3,"english_residue,glossary_miss,core_machine_draft",no,原文较长(4159字)；核心主题页,英文残留：Dunn；术语缺失：Generalissimo->委员长,"Memorandum of Conversation, by the Deputy Director of the Office of Far Eastern Affairs (Stanton)"
83,C-人工精校,manual,核心文献,"May 17, 1946",frus1946v09/d458,3,"english_residue,glossary_miss,core_machine_draft",no,原文较长(22174字)；核心主题页,英文残留：Beal、Caughey；Kuomintang 可能未统一为国民党；术语缺失：Generalissimo->委员长,"Minutes of Meeting Between General Chou En-lai and General Marshall at General Marshall’s Residence, Nanking, May 17, 1946, 10 a.m."
289,C-人工精校,manual,核心文献,"May 20, 1947",frus1947v07/d104,3,"english_residue,glossary_miss,core_machine_draft",no,原文较长(5865字)；核心主题页,英文残留：Telegram、Gimo、Collique；术语缺失：Kuomintang->国民党,The Ambassador in China (Stuart) to the Secretary of State
87,C-人工精校,manual,核心文献,"May 23, 1946",frus1946v09/d471,3,"english_residue,glossary_miss,core_machine_draft",no,原文较长(4511字),英文残留：Hart、Caughey；术语缺失：Yu Ta-wei->俞大维,"Minutes of Meeting Between General Marshall and General Chou En-lai at 5 Ning Hai Road, Nanking, May 23, 1946, 6 p.m."
92,C-人工精校,manual,核心文献,"May 30, 1946",frus1946v09/d491,3,"english_residue,glossary_miss,core_machine_draft",no,原文较长(5095字),英文残留：Supra；术语缺失：Generalissimo->委员长,"Minutes of Meeting Between General Marshall and General Chou En-lai at 5 Ning Hai Road, Nanking, May 30, 1946, 6 p.m."
244,C-人工精校,manual,核心文献,"November 13, 1946",frus1946v10/d275,3,"english_residue,glossary_miss,core_machine_draft",no,原文较长(4183字),英文残留：Leighton、Stuart、Ante；术语缺失：Kuomintang->国民党,The Ambassador in China (Stuart) to the Secretary of State
246,C-人工精校,manual,核心文献,"November 14, 1946",frus1946v10/d276,3,"english_residue,glossary_miss,core_machine_draft",no,原文较长(5131字)；核心主题页,英文残留：Marshall；术语缺失：Generalissimo->委员长,"Minutes of Meeting Between General Marshall and Professor Chou Tsien-chung at No. 5 Ning Hai Road, Nanking, November 14, 1946, 10 a.m."
319,C-人工精校,manual,核心文献,"November 7, 1947",frus1947v07/d281,3,"english_residue,glossary_miss,core_machine_draft",no,核心主题页,英文残留：Davis；术语缺失：Chang Lan->张澜,The Consul General at Shanghai (Dams) to the Secretary of State
192,C-人工精校,manual,核心文献,"October 3, 1946",frus1946v10/d142,3,"english_residue,glossary_miss,core_machine_draft",no,原文较长(3918字)；核心主题页,英文残留：Bradley、Connors；术语缺失：Generalissimo->委员长,"Notes on Meeting Between General Marshall and Dr. Stuart at No. 5 Ning Hai Road, Nanking, October 3, 1946, 10 a.m."
193,C-人工精校,manual,核心文献,"October 5, 1946",frus1946v10/d152,3,"english_residue,glossary_miss,core_machine_draft",no,原文较长(5591字)；核心主题页,英文残留：Deptel、Embtel、February、Embdes、Stuart、Ante；术语缺失：Generalissimo->委员长,The Ambassador in China (Stuart) to the Secretary of State
202,C-人工精校,manual,核心文献,"October 9, 1946",frus1946v10/d171,3,"english_residue,glossary_miss,core_machine_draft",no,原文较长(10448字)；核心主题页,英文残留：Stuart、Ante；术语缺失：Chang Chun->张群,The Ambassador in China (Stuart) to the Secretary of State
348,C-人工精校,manual,核心文献,"October 9, 1948",frus1948v07/d387,3,"english_residue,glossary_miss,core_machine_draft",yes,原文较长(5738字)；核心主题页,英文残留：Chi-shen；术语缺失：Kuomintang->国民党,The Consul General at Hong Kong (McKenna) to the Ambassador in China (Stuart)
347,C-人工精校,manual,核心文献,"September 8, 1948",frus1948v07/d351,3,"english_residue,glossary_miss,core_machine_draft",no,原文较长(2533字)；核心主题页,英文残留：Airgram、Chen；术语缺失：Kuomintang->国民党,The Ambassador in China (Stuart) to the Secretary of State
128,C-人工精校,manual,核心文献,,frus1946v09/d645,2,"english_residue,core_machine_draft",no,原文较长(17604字)；核心主题页,英文残留：Wedemeyer、Clique、Patrick、Albert、Stat,Draft of New China News Agency
254,C-人工精校,manual,核心文献,1946,frus1946v10/d309,2,"glossary_miss,core_machine_draft",no,原文较长(8007字)；核心主题页,术语缺失：Generalissimo->委员长,"Minutes of Meeting Between General Marshall and General Yu Ta-wei at No. 5 Ning Hai Road, Nanking, December 1946, 11 a.m."
143,C-人工精校,manual,核心文献,22 July 1946,frus1946v09/d698,2,"glossary_miss,core_machine_draft",no,原文较长(2291字)；核心主题页,术语缺失：Kuomintang->国民党,General Marshall to President Truman
196,C-人工精校,manual,核心文献,8 October 1946,frus1946v10/d166,2,"glossary_miss,core_machine_draft",no,原文较长(4964字)；核心主题页,术语缺失：Generalissimo->委员长,Public Statement by General Marshall and Ambassador Stuart
72,C-人工精校,manual,核心文献,"April 27, 1946",frus1946v09/d421,2,"glossary_miss,core_machine_draft",no,原文较长(4054字)；核心主题页,术语缺失：Generalissimo->委员长,"Notes of Conference Between General Marshall and General Chou En-lai at House 28, Chungking, April 27, 1946, 10:30 a.m."
155,C-人工精校,manual,核心文献,"August 10, 1946",frus1946v09/d748,2,"glossary_miss,core_machine_draft",no,原文较长(22806字)；核心主题页,术语缺失：Generalissimo->委员长,"Minutes of Meeting Between General Marshall, General Chou En-lai, and Dr. Stuart at No. 5 Ning Hai Road, Nanking, August 10, 1946, 10:40 a.m."
156,C-人工精校,manual,核心文献,"August 10, 1946",frus1946v09/d748,2,"glossary_miss,core_machine_draft",no,硬性检查未过,Kuomintang 可能未统一为国民党；术语缺失：Kuomintang->国民党,"Minutes of Meeting Between General Marshall, General Chou En-lai, and Dr. Stuart at No. 5 Ning Hai Road, Nanking, August 10, 1946, 10:40 a.m."
161,C-人工精校,manual,核心文献,"August 22, 1946",frus1946v10/d34,2,"glossary_miss,core_machine_draft",no,硬性检查未过,术语缺失：Generalissimo->委员长,"Minutes of Conference Between General Marshall and Dr. T. V. Soong at No. 5 Ning Hai Road, Nanking, August 22, 1946, 10 a.m."
162,C-人工精校,manual,核心文献,"August 22, 1946",frus1946v10/d34,2,"glossary_miss,core_machine_draft",no,原文较长(2435字)；核心主题页,术语缺失：Generalissimo->委员长,"Minutes of Conference Between General Marshall and Dr. T. V. Soong at No. 5 Ning Hai Road, Nanking, August 22, 1946, 10 a.m."
168,C-人工精校,manual,核心文献,"August 28, 1946",frus1946v10/d47,2,"glossary_miss,core_machine_draft",no,原文较长(9110字)；核心主题页,术语缺失：Yu Ta-wei->俞大维,"Extracts of Minutes of Meeting Between General Marshall and General Yu Ta-wei at No. 5 Ning Hai Road, Nanking, August 28, 1946, 9:45 a.m."
330,C-人工精校,manual,核心文献,"August 4, 1947",frus1947v07/d573,2,"english_residue,core_machine_draft",no,原文较长(23674字)；核心主题页,英文残留：Freeman、Chronicle、Edmund、Clubb；Kuomintang 可能未统一为国民党,The Consul at Peiping (Freeman) to the Ambassador in China (Stuart)
331,C-人工精校,manual,核心文献,"August 4, 1947",frus1947v07/d573,2,"english_residue,core_machine_draft",no,原文较长(7689字),英文残留：Chung、Chi-jou、David、Barrett、Colonel、Copy、Ante,The Consul at Peiping (Freeman) to the Ambassador in China (Stuart)
258,C-人工精校,manual,核心文献,"December 16, 1946",frus1946v10/d332,2,"glossary_miss,core_machine_draft",no,原文较长(4172字)；核心主题页,术语缺失：Generalissimo->委员长,"Notes on Meeting Between General Marshall and Mr. Hon Yeh-chun at No. 5 Ning Hai Road, Nanking, December 16, 1946, 10:45 a.m."
42,C-人工精校,manual,核心文献,"December 24, 1945",frus1945v07/d569,2,"glossary_miss,core_machine_draft",no,原文较长(3682字)；核心主题页,术语缺失：Generalissimo->委员长,"Notes on Conference Between General Marshall and Premier T. V. Soong in General Marshall’s Residence, Chungking, 0900, 24 December 1945"
44,C-人工精校,manual,核心文献,"December 24, 1945",frus1945v07/d569,2,"glossary_miss,core_machine_draft",yes,原文较长(5095字),术语缺失：Generalissimo->委员长,"Notes on Conference Between General Marshall and Premier T. V. Soong in General Marshall’s Residence, Chungking, 0900, 24 December 1945"
45,C-人工精校,manual,核心文献,"December 24, 1945",frus1945v07/d569,2,"glossary_miss,core_machine_draft",no,原文较长(4110字),术语缺失：Generalissimo->委员长,"Notes on Conference Between General Marshall and Premier T. V. Soong in General Marshall’s Residence, Chungking, 0900, 24 December 1945"
50,C-人工精校,manual,核心文献,"December 26, 1945",frus1945v07/d574,2,"glossary_miss,core_machine_draft",no,原文较长(19005字)；核心主题页,术语缺失：Chang Lan->张澜,"Notes on General Marshall’s First Conference With the Democratic League, 1600, 26 December 1945"
265,C-人工精校,manual,核心文献,"December 26, 1946",frus1946v10/d352,2,"glossary_miss,core_machine_draft",no,原文较长(4833字)；核心主题页,术语缺失：T. V. Soong->宋子文,"Minutes of Meeting Between General Marshall and General C. P. Lee at No. 5 Ning Hai Road, Nanking, December 26, 1946, 6 p.m."
337,C-人工精校,manual,核心文献,"February 5, 1948",frus1948v07/d60,2,"english_residue,core_machine_draft",no,原文较长(9167字)；核心主题页,英文残留：Canton、Joseph、Yager、Kung-、Gordon、Burke；术语缺失：T. V. Soong->宋子文,The Consul at Canton (Burke) to the Ambassador in China (Stuart)
55,C-人工精校,manual,核心文献,"January 12, 1946",frus1946v09/d34,2,"english_residue,core_machine_draft",no,原文较长(3042字)；核心主题页,英文残留：Robert、Smyth、Sprouse、Sung、Chimeng、Philip,The Chargé in China (Robertson) to the Secretary of State
358,C-人工精校,manual,核心文献,"January 5, 1949",frus1949v08/d10,2,"glossary_miss,core_machine_draft",no,核心主题页,术语缺失：Kuomintang->国民党,The Ambassador in China (Stuart) to the Secretary of State
415,C-人工精校,manual,核心文献,"January 5, 1950",frus1950v06/d129,2,"english_residue,core_machine_draft",no,原文较长(9579字),英文残留：Bequest、Polad、Jessup、Chase、McConaughy、Clubb、Claire、ConGen,The Consul General at Shanghai (McConaughy) to the Secretary of State
328,C-人工精校,manual,核心文献,"July 23, 1947",frus1947v07/d550,2,"glossary_miss,core_machine_draft",no,原文较长(8602字)；核心主题页,术语缺失：Generalissimo->委员长,Memorandum by the First Secretary of Embassy in China (Ludden) to General Wedemeyer
130,C-人工精校,manual,核心文献,"July 8, 1946",frus1946v09/d648,2,"glossary_miss,core_machine_draft",no,原文较长(5523字),术语缺失：Generalissimo->委员长,"Minutes of Meeting Between General Marshall and General Chou En-lai at No. 5 Ning Hai Road, Nanking, July 8, 1946, 4 p.m."
131,C-人工精校,manual,核心文献,"July 8, 1946",frus1946v09/d648,2,"glossary_miss,core_machine_draft",no,原文较长(2687字)；核心主题页,术语缺失：Generalissimo->委员长,"Minutes of Meeting Between General Marshall and General Chou En-lai at No. 5 Ning Hai Road, Nanking, July 8, 1946, 4 p.m."
112,C-人工精校,manual,核心文献,"June 14, 1946",frus1946v09/d549,2,"glossary_miss,core_machine_draft",no,原文较长(7915字),术语缺失：Generalissimo->委员长,"Minutes of Meeting Between General Marshall and General Chou En-lai, June 14, 1946, 11:10 a.m."
113,C-人工精校,manual,核心文献,"June 14, 1946",frus1946v09/d549,2,"glossary_miss,core_machine_draft",no,原文较长(7810字),术语缺失：Generalissimo->委员长,"Minutes of Meeting Between General Marshall and General Chou En-lai, June 14, 1946, 11:10 a.m."
114,C-人工精校,manual,核心文献,"June 14, 1946",frus1946v09/d549,2,"glossary_miss,core_machine_draft",no,原文较长(2684字)；核心主题页,术语缺失：Generalissimo->委员长,"Minutes of Meeting Between General Marshall and General Chou En-lai, June 14, 1946, 11:10 a.m."
117,C-人工精校,manual,核心文献,"June 18, 1946",frus1946v09/d566,2,"glossary_miss,core_machine_draft",no,原文较长(18349字)；核心主题页,术语缺失：Generalissimo->委员长,"Minutes of Meeting Between General Marshall and General Chou En-lai at 5 Ning Hai Road, Nanking, June 18, 1946, 11:15 a.m."
394,C-人工精校,manual,核心文献,"June 18, 1949",frus1949v08/d907,2,"english_residue,core_machine_draft",no,原文较长(3105字)；核心主题页,英文残留：Stuart、Leighton、Telegram、Sent、Department、Reduction、OffEmb、Canton、Shanghai、Ante,The Ambassador in China (Stuart) to the Secretary of State
34,C-人工精校,manual,核心文献,"June 23, 1945",frus1945v07/d286,2,"glossary_miss,core_machine_draft",no,原文较长(3675字)；核心主题页,术语缺失：Kuomintang->国民党,The Ambassador in China (Hurley) to the Secretary of State
126,C-人工精校,manual,核心文献,"June 27, 1946",frus1946v09/d604,2,"english_residue,core_machine_draft",no,原文较长(16863字)；核心主题页,英文残留：Wallace、Alvan、Gillem、Tsiang,"Minutes of Meeting Between General Marshall and General Chou En-lai at 5 Ning Hai Road, Nanking, June 27, 1946, 1:30 p.m."
95,C-人工精校,manual,核心文献,"June 3, 1946",frus1946v09/d500,2,"glossary_miss,core_machine_draft",no,硬性检查未过,术语缺失：Generalissimo->委员长,"Minutes of Meeting Between General Marshall and General Chou En-lai at 5 Ning Hai Road, Nanking, June 3, 1946, 10:15 a.m."
99,C-人工精校,manual,核心文献,"June 3, 1946",frus1946v09/d500,2,"glossary_miss,core_machine_draft",no,原文较长(8014字),术语缺失：Generalissimo->委员长,"Minutes of Meeting Between General Marshall and General Chou En-lai at 5 Ning Hai Road, Nanking, June 3, 1946, 10:15 a.m."
108,C-人工精校,manual,核心文献,"June 9, 1946",frus1946v09/d523,2,"glossary_miss,core_machine_draft",no,原文较长(7887字)；核心主题页,术语缺失：Hsu Yung-chang->徐永昌,"Minutes of Meeting Between General Marshall and General Hsu Yung-chang at 5 Ning Hai Road, Nanking, June 9, 1946, 4 p.m."
109,C-人工精校,manual,核心文献,"June 9, 1946",frus1946v09/d523,2,"glossary_miss,core_machine_draft",no,原文较长(13146字),术语缺失：Generalissimo->委员长,"Minutes of Meeting Between General Marshall and General Hsu Yung-chang at 5 Ning Hai Road, Nanking, June 9, 1946, 4 p.m."
375,C-人工精校,manual,核心文献,"June 9, 1949",frus1949v08/d446,2,"english_residue,core_machine_draft",no,原文较长(2503字)；核心主题页,英文残留：Contel、June、Joseph、Chang、AmEmb、Canton、Clubbb,The Consul General at Peiping (Clubb) to the Secretary of State
281,C-人工精校,manual,核心文献,"March 19, 1947",frus1947v07/d66,2,"english_residue,core_machine_draft",no,原文较长(8425字)；核心主题页,英文残留：Chang、Song、Shoh、Tungchow、Leighton、Stuart、Wong、Wen-Hao、Peita、University；术语缺失：T. V. Soong->宋子文,The Ambassador in China (Stuart) to the Secretary of State
61,C-人工精校,manual,核心文献,"March 31, 1946",frus1946v09/d49,2,"english_residue,core_machine_draft",no,原文较长(8180字)；核心主题页,英文残留：Wang、Shih-、Teh-chen、Smyth、Ringwalt,The Counselor of Embassy in China (Smyth) to the Secretary of State
367,C-人工精校,manual,核心文献,"May 12, 1949",frus1949v08/d364,2,"english_residue,core_machine_draft",no,原文较长(2381字)；核心主题页,英文残留：Cabot、Peng、Wen-yi、Chan、Miss,The Consul General at Shanghai (Cabot) to the Secretary of State
287,C-人工精校,manual,核心文献,"May 16, 1947",frus1947v07/d101,2,"glossary_miss,core_machine_draft",no,硬性检查未过,术语缺失：Kuomintang->国民党,The Ambassador in China (Stuart) to the Secretary of State
88,C-人工精校,manual,核心文献,"May 29, 1946",frus1946v09/d489,2,"glossary_miss,core_machine_draft",no,原文较长(3852字)；核心主题页,术语缺失：Generalissimo->委员长,"Minutes of Conference Between General Marshall and Dr. Carsun Chang at General Marshall’s House, May 29, 1946, 5 p.m."
293,C-人工精校,manual,核心文献,"May 29, 1947",frus1947v07/d123,2,"glossary_miss,core_machine_draft",no,原文较长(2674字)；核心主题页,术语缺失：T. V. Soong->宋子文,The Ambassador in China (Stuart) to the Secretary of State
294,C-人工精校,manual,核心文献,"May 29, 1947",frus1947v07/d123,2,"glossary_miss,core_machine_draft",no,原文较长(2817字),术语缺失：Generalissimo->委员长,The Ambassador in China (Stuart) to the Secretary of State
90,C-人工精校,manual,核心文献,"May 30, 1946",frus1946v09/d491,2,"glossary_miss,core_machine_draft",no,原文较长(4579字),术语缺失：Hsu Yung-chang->徐永昌,"Minutes of Meeting Between General Marshall and General Chou En-lai at 5 Ning Hai Road, Nanking, May 30, 1946, 6 p.m."
284,C-人工精校,manual,核心文献,"May 7, 1947",frus1947v07/d93,2,"glossary_miss,core_machine_draft",no,核心主题页,术语缺失：Kuomintang->国民党,The Ambassador in China (Stuart) to the Secretary of State
245,C-人工精校,manual,核心文献,"November 14, 1946",frus1946v10/d276,2,"glossary_miss,core_machine_draft",no,原文较长(3994字),术语缺失：Generalissimo->委员长,"Minutes of Meeting Between General Marshall and Professor Chou Tsien-chung at No. 5 Ning Hai Road, Nanking, November 14, 1946, 10 a.m."
233,C-人工精校,manual,核心文献,"November 6, 1946",frus1946v10/d246,2,"glossary_miss,core_machine_draft",no,原文较长(2859字)；核心主题页,术语缺失：Generalissimo->委员长,Memorandum Prepared by the Embassy in China
238,C-人工精校,manual,核心文献,"November 8, 1946",frus1946v10/d254,2,"english_residue,core_machine_draft",no,原文较长(8127字)；核心主题页,英文残留：Telegram、Marshall、United、States、Relations、China,General Marshall to President Truman
206,C-人工精校,manual,核心文献,"October 10, 1946",frus1946v10/d175,2,"glossary_miss,core_machine_draft",no,原文较长(11713字)；核心主题页,英文残留：Telegram；术语缺失：Generalissimo->委员长,General Marshall to President Truman
208,C-人工精校,manual,核心文献,"October 13, 1946",frus1946v10/d181,2,"english_residue,core_machine_draft",no,原文较长(2555字)；核心主题页,英文残留：Leighton、Stuart、Hart、Caughey,"Minutes of Meeting Between General Marshall and Dr. Stuart at No. 5 Ning Hai Road, Nanking, October 13, 1946, 3 p.m."
211,C-人工精校,manual,核心文献,"October 15, 1946",frus1946v10/d190,2,"glossary_miss,core_machine_draft",no,原文较长(2631字)；核心主题页,术语缺失：Generalissimo->委员长,"Notes of Conference Between General Marshall and General C. P. Lee at General Marshall’s Residence, Nanking, October 15, 1946, 11:15 a.m."
213,C-人工精校,manual,核心文献,"October 17, 1946",frus1946v10/d200,2,"glossary_miss,core_machine_draft",no,原文较长(7216字)；核心主题页,术语缺失：Generalissimo->委员长,"Notes on Meeting Between General Marshall and Mr. Liang Shu-ming and Mr. Yeh Tu-yi at General Marshall’s Residence, Nanking October 17, 1946, 4:20 p.m."
399,C-人工精校,manual,核心文献,"October 17, 1949",frus1949v08/d1217,2,"english_residue,core_machine_draft",no,原文较长(2848字)；核心主题页,英文残留：ReDeptel、Contel、Clubb、Philip、Jessup、Approach、Lessor、Vol.ix,The Consul General at Peiping (Clubb) to the Secretary of State
215,C-人工精校,manual,核心文献,"October 22, 1946",frus1946v10/d209,2,"glossary_miss,core_machine_draft",no,原文较长(21515字)；核心主题页,术语缺失：Carsun Chang->张君劢,"Minutes of Meeting Between General Marshall, Dr. Stuart, and Members of the Third Party Group at the Ambassador’s Residence, Nanking, October 22, 1946, 10:45 a.m."
306,C-人工精校,manual,核心文献,"October 22, 1947",frus1947v07/d264,2,"glossary_miss,core_machine_draft",no,原文较长(2497字)；核心主题页,术语缺失：Kuomintang->国民党,The Ambassador in China (Stuart) to the Secretary of State
308,C-人工精校,manual,核心文献,"October 22, 1947",frus1947v07/d264,2,"glossary_miss,core_machine_draft",yes,原文较长(4823字)；核心主题页,Lo Lung-chi 可能未统一为罗隆基；术语缺失：Lo Lung-chi->罗隆基,The Ambassador in China (Stuart) to the Secretary of State
220,C-人工精校,manual,核心文献,"October 25, 1946",frus1946v10/d218,2,"glossary_miss,core_machine_draft",no,硬性检查未过,术语缺失：Generalissimo->委员长,"Minutes of Meeting Between General Marshall, Dr. Stuart, Mr. Miao Yun-tai, Mr. Tseng Chi, Dr. Lo Lung-chi, and Mr. Lee at the American Embassy, Nanking, October 25, 1946, 10:45 a.m."
222,C-人工精校,manual,核心文献,"October 26, 1946",frus1946v10/d222,2,"glossary_miss,core_machine_draft",no,原文较长(2683字),术语缺失：Generalissimo->委员长,General Marshall to President Truman
223,C-人工精校,manual,核心文献,"October 26, 1946",frus1946v10/d222,2,"glossary_miss,core_machine_draft",no,硬性检查未过,术语缺失：Generalissimo->委员长,General Marshall to President Truman
226,C-人工精校,manual,核心文献,"October 28, 1946",frus1946v10/d225,2,"glossary_miss,core_machine_draft",no,原文较长(4218字)；核心主题页,术语缺失：Carsun Chang->张君劢,"Notes on Meeting Between General Marshall, Mr. Carsun Chang, and Dr. Lo Lung-chi at No. 5 Ning Hai Road, Nanking, October 28, 1946, 10:30 a.m."
314,C-人工精校,manual,核心文献,"October 31, 1947",frus1947v07/d272,2,"glossary_miss,core_machine_draft",yes,原文较长(2369字)；核心主题页,术语缺失：Generalissimo->委员长,The Ambassador in China (Stuart) to the Secretary of State
316,C-人工精校,manual,核心文献,"October 31, 1947",frus1947v07/d274,2,"glossary_miss,core_machine_draft",yes,原文较长(5588字)；核心主题页,术语缺失：Generalissimo->委员长,The Ambassador in China (Stuart) to the Secretary of State
199,C-人工精校,manual,核心文献,"October 9, 1946",frus1946v10/d170,2,"glossary_miss,core_machine_draft",no,原文较长(2921字)；核心主题页,术语缺失：Generalissimo->委员长,"Minutes of Meeting Between General Marshall and General Chou En-lai at General Gillem’s Residence, Shanghai, October 9, 1946, 11:30 a.m."
200,C-人工精校,manual,核心文献,"October 9, 1946",frus1946v10/d170,2,"glossary_miss,core_machine_draft",no,原文较长(5275字)；核心主题页,术语缺失：Generalissimo->委员长,"Minutes of Meeting Between General Marshall and General Chou En-lai at General Gillem’s Residence, Shanghai, October 9, 1946, 11:30 a.m."
201,C-人工精校,manual,核心文献,"October 9, 1946",frus1946v10/d170,2,"glossary_miss,core_machine_draft",no,原文较长(4765字),术语缺失：Generalissimo->委员长,"Minutes of Meeting Between General Marshall and General Chou En-lai at General Gillem’s Residence, Shanghai, October 9, 1946, 11:30 a.m."
172,C-人工精校,manual,核心文献,"September 11, 1946",frus1946v10/d83,2,"glossary_miss,core_machine_draft",no,原文较长(3575字),术语缺失：Generalissimo->委员长,"Minutes of Meeting Between General Marshall and General Chou En-lai at No. 5 Ning Hai Road, Nanking, September 11, 1946, 10:35 a.m."
176,C-人工精校,manual,核心文献,"September 18, 1946",frus1946v10/d97,2,"glossary_miss,core_machine_draft",no,原文较长(3063字)；核心主题页,术语缺失：Generalissimo->委员长,"Minutes of Meeting Between General Marshall and General C. P. Lee at No. 5 Ning Hai Road, Nanking, September 18, 1946, Noon"
386,C-人工精校,manual,核心文献,"September 27, 1949",frus1949v08/d612,2,"glossary_miss,core_machine_draft",no,原文较长(2627字),英文残留：Contel、June；术语缺失：Chang Tung-sun->张东荪,The Consul General at Peiping (Clubb) to the Secretary of State
387,C-人工精校,manual,核心文献,"September 27, 1949",frus1949v08/d612,2,"english_residue,core_machine_draft",no,核心主题页,英文残留：Clubb、Academia、Sinica、John、Leighton、Douglas、MacArthur、SCAP,The Consul General at Peiping (Clubb) to the Secretary of State
318,C-人工精校,manual,核心文献,"November 6, 1947",frus1947v07/d279,1,glossary_miss,no,核心主题页,术语缺失：Generalissimo->委员长,The Ambassador in China (Stuart) to the Secretary of State
12,C-人工精校,manual,相关文献,"August 1, 1944",frus1944v06/d400,2,"english_residue,glossary_miss",no,原文较长(7084字),英文残留：Consult、General、Sprouse；术语缺失：Federation of Chinese Democratic Parties->中国民主政团同盟,The Consul General at Kunming (Langdon) to the Secretary of State
13,C-人工精校,manual,相关文献,"August 2, 1944",frus1944v06/d401,2,"english_residue,glossary_miss",no,硬性检查未过,英文残留：Airgram、Gauss；术语缺失：Kuomintang->国民党,The Ambassador in China (Gauss) to the Secretary of State
151,C-人工精校,manual,相关文献,"August 2, 1946",frus1946v09/d728,2,"english_residue,glossary_miss",no,原文较长(5584字),英文残留：Walton、Butterworth、Philip、Sprouse；术语缺失：Generalissimo->委员长,The Ambassador in China (Stuart) to the Secretary of State
334,C-人工精校,manual,相关文献,"February 4, 1947",frus1947v07/d852,2,"english_residue,glossary_miss",no,原文较长(6597字),英文残留：Stuart；术语缺失：Generalissimo->委员长,The Ambassador in China (Stuart) to the Secretary of State
360,C-人工精校,manual,相关文献,"January 24, 1949",frus1949v08/d93,2,"english_residue,glossary_miss",no,硬性检查未过,英文残留：Yat-、Cabot；术语缺失：T. V. Soong->宋子文,The Consul General at Shanghai (Cabot) to the Secretary of State
52,C-人工精校,manual,相关文献,"January 7, 1946",frus1946v09/d14,2,"english_residue,glossary_miss",no,原文较长(5753字),英文残留：Telegram、Albert、Edgar、Snow；术语缺失：Generalissimo->委员长,Lieutenant General Albert C. Wedemeyer to General Marshall
272,C-人工精校,manual,相关文献,"January 7, 1946",frus1946v10/d372,2,"english_residue,glossary_miss",no,硬性检查未过,英文残留：Notes、Conference、Wang、Shishchieh、Convention、Stuart、Generalissimemo；术语缺失：Wang Shihchieh->王世杰,"General Marshall’s Notes on a Conference With Dr. Wang Shihchieh, at Nanking, January 7, 1946, 1:30 p.m."
378,C-人工精校,manual,相关文献,"July 12, 1949",frus1949v08/d494,2,"english_residue,glossary_miss",no,原文较长(3967字),英文残留：Cabot、Teng、Ying-chao；术语缺失：T. V. Soong->宋子文,The Consul General at Shanghai (Cabot) to the Secretary of State
120,C-人工精校,manual,相关文献,"June 18, 1946",frus1946v09/d568,2,"english_residue,glossary_miss",no,原文较长(2254字),英文残留：Tientsin-Pukou；术语缺失：Generalissimo->委员长,"Minutes of Meeting Between General Marshall, General Hsu Yung-chang and General Yu Ta-wei at 5 Ning Hai Road, Nanking, June 18, 1946, 4:40 p.m."
123,C-人工精校,manual,相关文献,"June 18, 1946",frus1946v09/d568,2,"english_residue,glossary_miss",no,原文较长(3986字),英文残留：Ante、Communists；术语缺失：Generalissimo->委员长,"Minutes of Meeting Between General Marshall, General Hsu Yung-chang and General Yu Ta-wei at 5 Ning Hai Road, Nanking, June 18, 1946, 4:40 p.m."
298,C-人工精校,manual,相关文献,"June 20, 1947",frus1947v07/d161,2,"english_residue,glossary_miss",no,原文较长(2621字),英文残留：Ying-ch；术语缺失：Generalissimo->委员长,The Ambassador in China (Stuart) to the Secretary of State
35,C-人工精校,manual,相关文献,"June 28, 1945",frus1945v07/d290,2,"english_residue,glossary_miss",no,原文较长(3085字),英文残留：Indep、Shun-；术语缺失：Chang Po-chun->章伯钧,The Ambassador in China (Hurley) to the Secretary of State
241,C-人工精校,manual,相关文献,"November 12, 1946",frus1946v10/d272,2,"english_residue,glossary_miss",no,硬性检查未过,英文残留：Stuart；术语缺失：Generalissimo->委员长,The Ambassador in China (Stuart) to the Secretary of State
305,C-人工精校,manual,相关文献,"October 13, 1947",frus1947v07/d259,2,"english_residue,glossary_miss",no,硬性检查未过,英文残留：William、Turner；术语缺失：Kuomintang->国民党,The Ambassador in China (Stuart) to the Secretary of State
329,C-人工精校,manual,相关文献,29 July 1947,frus1947v07/d559,1,glossary_miss,no,原文较长(3170字),术语缺失：Generalissimo->委员长,Memorandum by Mr. Philip D. Sprouse to General Wedemeyer
339,C-人工精校,manual,相关文献,"April 2, 1948",frus1948v07/d136,1,english_residue,no,原文较长(4417字),英文残留：Mytels、March、John、Abernathy、Turner、Robert、Strong,The Consul General at Tsingtao (Turner) to the Secretary of State
71,C-人工精校,manual,相关文献,"April 20, 1946",frus1946v09/d409,1,glossary_miss,no,硬性检查未过,术语缺失：Kuomintang->国民党,The Counselor of Embassy in China (Smyth) to the Secretary of State
158,C-人工精校,manual,相关文献,"August 16, 1946",frus1946v10/d22,1,glossary_miss,no,原文较长(4478字),术语缺失：T. V. Soong->宋子文,"Notes of Meeting of General Marshall With Generalissimo Chiang Kai-shek at Kuling, August 16, 1946"
159,C-人工精校,manual,相关文献,"August 16, 1946",frus1946v10/d22,1,glossary_miss,no,硬性检查未过,术语缺失：Generalissimo->委员长,"Notes of Meeting of General Marshall With Generalissimo Chiang Kai-shek at Kuling, August 16, 1946"
164,C-人工精校,manual,相关文献,"August 23, 1946",frus1946v10/d40,1,glossary_miss,no,原文较长(2555字),术语缺失：Generalissimo->委员长,"Minutes of Conference Between General Marshall and Mr. Percy Chen at No. 5 Ning Hai Road, Nanking, August 23, 1946, 10:30 a.m."
332,C-人工精校,manual,相关文献,"August 9, 1947",frus1947v07/d578,1,glossary_miss,no,原文较长(8647字),Kuomintang 可能未统一为国民党；术语缺失：Generalissimo->委员长,Memorandum by the First Secretary of Embassy in China (Ludden) to General Wedemeyer
251,C-人工精校,manual,相关文献,"December 1, 1946",frus1946v10/d303,1,glossary_miss,no,原文较长(3276字),术语缺失：Generalissimo->委员长,"Minutes of Meeting Between General Marshall and Mr. Butterworth at General Marshall’s Residence, Nanking, December 1, 1946, 11 a.m."
268,C-人工精校,manual,相关文献,"December 31, 1946",frus1946v10/d356,1,glossary_miss,no,原文较长(3925字),术语缺失：Generalissimo->委员长,"Minutes of Meeting Between General Marshall and General C. P. Lee at No. 5 Ning Hai Road, Nanking, December 31, 11 a.m."
270,C-人工精校,manual,相关文献,"December 31, 1946",frus1946v10/d357,1,glossary_miss,no,原文较长(5611字),术语缺失：T. V. Soong->宋子文,"Minutes of Meeting Between General Marshall, Professor Wu Chi-yu, and Mr. Sun Tan-lin at No. 5 Ning Hal Road, Nanking, December 31, 1946, 5:30 p.m."
256,C-人工精校,manual,相关文献,"December 7, 1946",frus1946v10/d316,1,glossary_miss,no,原文较长(3811字),术语缺失：Generalissimo->委员长,"Notes on Meeting Between General Marshall and General C. P. Lee at No. 5 Ning Hai Road, Nanking, December 7, 1946, 11 a.m."
277,C-人工精校,manual,相关文献,"February 6, 1947",frus1947v07/d25,1,english_residue,no,原文较长(5374字),英文残留：Troy、Perkins、Copy、General、Joseph、Stilwell,"Memorandum of Conversation, by the First Secretary of Embassy in China (Perkins)"
275,C-人工精校,manual,相关文献,"January 8, 1947",frus1947v07/d8,1,glossary_miss,no,原文较长(4953字),术语缺失：Nanking->南京,The Ambassador in China (Stuart) to the Secretary of State
403,C-人工精校,manual,相关文献,"July 27, 1949",frus1949v08/d1586,1,english_residue,no,原文较长(3920字),英文残留：ReConGentel、Sent、Department、McConaughy、Douglas、Forman,The Consul at Shanghai (McConaughy) to the Secretary of State
404,C-人工精校,manual,相关文献,"July 29, 1949",frus1949v08/d1590,1,english_residue,no,硬性检查未过,英文残留：Chang、Sentt、Reduction、Department、Shanghai、Stuart,The Ambassador in China (Stuart) to the Secretary of State
340,C-人工精校,manual,相关文献,"June 1, 1948",frus1948v07/d209,1,glossary_miss,no,原文较长(2951字),术语缺失：Generalissimo->委员长,The Director of the Office of Far Eastern Affairs (Butterworth) to the Minister-Counselor of Embassy in China (Clark)
118,C-人工精校,manual,相关文献,"June 18, 1946",frus1946v09/d568,1,glossary_miss,no,硬性检查未过,术语缺失：Hsu Yung-chang->徐永昌,"Minutes of Meeting Between General Marshall, General Hsu Yung-chang and General Yu Ta-wei at 5 Ning Hai Road, Nanking, June 18, 1946, 4:40 p.m."
119,C-人工精校,manual,相关文献,"June 18, 1946",frus1946v09/d568,1,glossary_miss,no,原文较长(2410字),术语缺失：Generalissimo->委员长,"Minutes of Meeting Between General Marshall, General Hsu Yung-chang and General Yu Ta-wei at 5 Ning Hai Road, Nanking, June 18, 1946, 4:40 p.m."
121,C-人工精校,manual,相关文献,"June 18, 1946",frus1946v09/d568,1,glossary_miss,no,原文较长(2330字),术语缺失：Generalissimo->委员长,"Minutes of Meeting Between General Marshall, General Hsu Yung-chang and General Yu Ta-wei at 5 Ning Hai Road, Nanking, June 18, 1946, 4:40 p.m."
122,C-人工精校,manual,相关文献,"June 18, 1946",frus1946v09/d568,1,glossary_miss,no,原文较长(7867字),术语缺失：Generalissimo->委员长,"Minutes of Meeting Between General Marshall, General Hsu Yung-chang and General Yu Ta-wei at 5 Ning Hai Road, Nanking, June 18, 1946, 4:40 p.m."
341,C-人工精校,manual,相关文献,"June 2, 1948",frus1948v07/d212,1,glossary_miss,no,硬性检查未过,术语缺失：Generalissimo->委员长,The Ambassador in China (Stuart) to the Secretary of State
342,C-人工精校,manual,相关文献,"June 2, 1948",frus1948v07/d212,1,glossary_miss,no,硬性检查未过,术语缺失：Kuomintang->国民党,The Ambassador in China (Stuart) to the Secretary of State
372,C-人工精校,manual,相关文献,"June 2, 1949",frus1949v08/d429,1,english_residue,no,原文较长(5118字),英文残留：Recontel、June、Contel、April、OffEmb、Clubb、David、Barrett,The Consul General at Peiping (Clubb) to the Secretary of State
107,C-人工精校,manual,相关文献,"June 8, 1946",frus1946v09/d522,1,glossary_miss,no,原文较长(6682字),术语缺失：Generalissimo->委员长,"Minutes of Conference Between General Marshall and Eight Delegates of PCC at 5 Ning Hai Road, Nanking, June 8, 1946, 4:15 p.m."
280,C-人工精校,manual,相关文献,"March 6, 1947",frus1947v07/d54,1,glossary_miss,no,硬性检查未过,术语缺失：Nanking->南京,The Ambassador in China (Stuart) to the Secretary of State
290,C-人工精校,manual,相关文献,"May 21, 1947",frus1947v07/d110,1,english_residue,no,原文较长(3138字),英文残留：Wang、Leighton、Stuart、Chia,The Ambassador in China (Stuart) to the Secretary of State
353,C-人工精校,manual,相关文献,"November 14, 1948",frus1948v08/d299,1,english_residue,no,硬性检查未过,英文残留：Cabot、National、Party、Yueh-sheng、Yung,The Consul General at Shanghai (Cabot) to the Secretary of State
248,C-人工精校,manual,相关文献,"November 19, 1946",frus1946v10/d285,1,glossary_miss,no,原文较长(4812字),术语缺失：Generalissimo->委员长,"Notes on Meeting Between General Marshall and Professors Lo Chung-shu, Wu Chi-yu, and Professor Yi at General Marshall’s Residence, Nanking, November 19, 1946, 11 a.m."
214,C-人工精校,manual,相关文献,"October 20, 1946",frus1946v10/d205,1,glossary_miss,no,原文较长(3628字),术语缺失：Wang Shihchieh->王世杰,"Minutes of Meeting Between General Marshall and Dr. Wang Shihchieh at No. 5 Ning Hai Road, Nanking, October 20, 1946, 7 p.m."
315,C-人工精校,manual,相关文献,"October 31, 1947",frus1947v07/d273,1,glossary_miss,no,硬性检查未过,英文残留：October；术语缺失：Kuomintang->国民党,The Acting Secretary of State to the Ambassador in China (Stuart)
180,C-人工精校,manual,相关文献,"September 20, 1946",frus1946v10/d105,1,glossary_miss,no,硬性检查未过,术语缺失：Kuomintang->国民党,"Notes on Meeting Between General Marshall and Dr. Stuart at No. 5 Ning Hai Road, Nanking, September 20, 1946, 10:45 a.m."
183,C-人工精校,manual,相关文献,"September 22, 1946",frus1946v10/d108,1,glossary_miss,no,原文较长(7583字),术语缺失：Generalissimo->委员长,"Notes on Meeting Between General Marshall and Mr. “Wang Ping-nan at General Marshall’s Residence, Nanking, September 22, 1946, 9:45 a.m."
186,C-人工精校,manual,相关文献,"September 23, 1946",frus1946v10/d110,1,glossary_miss,no,原文较长(4814字),术语缺失：Generalissimo->委员长,"Minutes of Meeting Between General Marshall and General Yu Ta-wei at No. 5 Ning Hai Road, Nanking, September 23, 1946, 10 a.m."
32,C-人工精校,manual,人物关联,"April 30, 1945",frus1945v07/d245,2,"english_residue,glossary_miss",yes,硬性检查未过,英文残留：Kung,The Ambassador in China (Hurley) to the Secretary of State
30,C-人工精校,manual,人物关联,"April 5, 1945",frus1945v07/d228,2,"english_residue,glossary_miss",no,原文较长(3941字),英文残留：Atcheson、Chase；术语缺失：Generalissimo->委员长,The Chargé in China (Atcheson) to the Secretary of State
261,C-人工精校,manual,人物关联,"December 18, 1946",frus1946v10/d335,2,"english_residue,glossary_miss",no,原文较长(2718字),英文残留：Pfeiffer；术语缺失：Generalissimo->委员长,"Minutes of Meeting Between General Marshall and Dr. Stuart at Dr. Stuart’s Residence, Nanking, December 18, 1946, 11 a.m."
262,C-人工精校,manual,人物关联,"December 18, 1946",frus1946v10/d335,2,"english_residue,glossary_miss",no,原文较长(3404字),英文残留：Nathaniel、Peffer；术语缺失：Generalissimo->委员长,"Minutes of Meeting Between General Marshall and Dr. Stuart at Dr. Stuart’s Residence, Nanking, December 18, 1946, 11 a.m."
397,C-人工精校,manual,人物关联,"July 29, 1949",frus1949v08/d962,2,"english_residue,glossary_miss",no,原文较长(5480字),英文残留：ReDeptel、Note、July、Contel、Stat、Ante；术语缺失：Chou En-lai->周恩来,The Consul General at Peiping (Clubb) to the Secretary of State
22,C-人工精校,manual,人物关联,"July 6, 1945",frus1945v07/d95,2,"english_residue,glossary_miss",no,原文较长(2726字),英文残留：Edward、Rice；术语缺失：Kuomintang->国民党,The Second Secretary of Embassy in China (Rice) to the Ambassador in China (Hurley)
8,C-人工精校,manual,人物关联,"May 30, 1944",frus1944v06/d360,2,"english_residue,glossary_miss",no,原文较长(5639字),英文残留：Chengtu、Chung、Penfield；术语缺失：Chang Piao-fang->张澜,The Second Secretary of Embassy in China (Penfield) to the Secretary of State
389,C-人工精校,manual,人物关联,"October 1, 1949",frus1949v08/d619,2,"english_residue,glossary_miss",no,原文较长(4795字),英文残留：Clubb、Troy；术语缺失：Chang Tung-sun->张东荪,The Consul General at Peiping (Clubb) to the Secretary of State
224,C-人工精校,manual,人物关联,"October 27, 1946",frus1946v10/d224,2,"english_residue,glossary_miss",no,原文较长(3603字),英文残留：Ning、Road；术语缺失：Generalissimo->委员长,"Minutes of Meeting Between General Marshall and Three Third Party Delegates: Mr. Lo Lung-chi, Mr. Miao Yun-tai, and Mr. Li Hwang at No. 5 Ning Hai Road, Nanking, October 27, 1946, 5:20 p.m."
17,C-人工精校,manual,人物关联,"October 28, 1944",frus1944v06/d477,2,"english_residue,glossary_miss",no,原文较长(3320字),英文残留：Penfield；术语缺失：Kuomintang->国民党,The Second Secretary of Embassy in China (Penfield) to the Secretary of State
380,C-人工精校,manual,人物关联,"August 31, 1949",frus1949v08/d586,1,english_residue,no,原文较长(3660字),英文残留：Contel、August、Chin、Ting-chih、Contels、Clubb,The Consul General at Peiping (Clubb) to the Secretary of State
27,C-人工精校,manual,人物关联,"January 31, 1945",frus1945v07/d147,1,english_residue,no,原文较长(7055字),英文残留：Chen、Tai-chi、Rung、Tai-Chi、Kung、Ballantine、Grew,Memorandum by the Chief of the Division of Chinese Affairs (Vincent)
301,C-人工精校,manual,人物关联,"July 11, 1947",frus1947v07/d192,1,glossary_miss,no,原文较长(6401字),术语缺失：Generalissimo->委员长,The Ambassador in China (Stuart) to the Secretary of State
225,C-人工精校,manual,人物关联,"October 27, 1946",frus1946v10/d224,1,glossary_miss,no,原文较长(4035字),术语缺失：Generalissimo->委员长,"Minutes of Meeting Between General Marshall and Three Third Party Delegates: Mr. Lo Lung-chi, Mr. Miao Yun-tai, and Mr. Li Hwang at No. 5 Ning Hai Road, Nanking, October 27, 1946, 5:20 p.m."
228,C-人工精校,manual,人物关联,"October 29, 1946",frus1946v10/d226,1,glossary_miss,no,原文较长(7995字),术语缺失：Chang Po-chun->章伯钧,"Notes on Meeting Between General Marshall and Dr. Stuart at the American Embassy, Nanking, October 29, 1946, 10:45 a.m."
401,C-人工精校,manual,人物关联,"October 30, 1949",frus1949v08/d1228,1,glossary_miss,no,原文较长(4702字),英文残留：ReContel；术语缺失：Lo Lung-chi->罗隆基,The Consul General at Peiping (Clubb) to the Secretary of State
