identifier,title,date,matched_keywords,is_meng,decision,meng_mentions,people,summary_zh,review_method,evidence_snippet,ia_detail_url
cia-readingroom-document-cia-rdp80-00809a000600390004-4,CIA Reading Room cia-rdp80-00809a000600390004-4: COUNTERREVOLUTIONARY ACTIVITIES IN CHINA,1951-04-13,"""Political Consultative"" 1946; ""third force"" China",True,related,民盟人物: wen i-to,wen i-to,OCR 出现民盟核心人物姓名，虽未必直接提及民盟组织名，但与民盟史研究密切相关。,local_rules,"1 cases involving insurrection plots, and confiscated 113 pieces of radio equipment. Among the KMT agents captured were Hsiung Fu-kuang (103), who murdered Li Kung-p'u (104) and Wen I-to (105); and Hu Cheng-chao (106), who killed Tu Pin-ch'eng (107), a Democratic League official in Sian. Among those captured and later executed were two murderers belonging to Ch || sion in the Far East. The paper also stated that the members of the Youth Party are collaborating with Japanese agents to counterfeit",https://archive.org/details/cia-readingroom-document-cia-rdp80-00809a000600390004-4
cia-readingroom-document-cia-rdp79r01012a000500040040-0,CIA Reading Room cia-rdp79r01012a000500040040-0: POSSIBLE NIE ON INDIA'S POSITION IN THE WORLD BALANCE OF POWER,1950-01-05,"""third force"" China",False,background,无,,OCR 仅出现第三势力、联合政府、少数党派等背景概念，未发现民盟名称或核心人物。,local_rules,"the country. 7, Although the Government of India continues to pursue a ""middle course"" in the East-West struggle, its faith in the concepts of an Asian accord and an Asiatic Third Force appears to be weakening. It recently turned to the US with a request for 2,000,000 tons of wheat, although admitting that it was in no position to pay for it. (At the same time,",https://archive.org/details/cia-readingroom-document-cia-rdp79r01012a000500040040-0
cia-readingroom-document-cia-rdp82-00457r004200290005-3,CIA Reading Room cia-rdp82-00457r004200290005-3: SITUATION IN SINKIANG PROVINCE,1950-01-26,"""Political Consultative"" 1946",False,background,无,,OCR 仅出现第三势力、联合政府、少数党派等背景概念，未发现民盟名称或核心人物。,local_rules,"ang Frovince FANTIVL a) CY Situation in Sinkiang Frovi CUNT! CD NO. NO. OF PAGES = 1 THIS 1S UNEVALUATED INFORMATION 1. The Sinkiang delegates to the Chinese People's Political Consultative Conference* returned to Sinkiang from “eiping prior to 8 January 1950. Their leader, Saifeddin Azizi**, has been appointed Vice Chairman of the Sinkiang Provincial Government**",https://archive.org/details/cia-readingroom-document-cia-rdp82-00457r004200290005-3
cia-readingroom-document-cia-rdp78-01617a002300270001-6,CIA Reading Room cia-rdp78-01617a002300270001-6: WEEKLY SUMMARY #87,1950-01-27,"""third force"" China",False,background,无,,OCR 仅出现第三势力、联合政府、少数党派等背景概念，未发现民盟名称或核心人物。,local_rules,"increasing dissatisfaction over leftwing control of important Party posts and the leftwing policy of , Supporting “working - class’’ interests, has weakened Japan’s potential ‘“‘Third Force” and strengthened Conservative control over the government. -Under leftist leadership, the Socialist Party has made progress toward regaining trade union support, promoting",https://archive.org/details/cia-readingroom-document-cia-rdp78-01617a002300270001-6
cia-readingroom-document-cia-rdp78-01617a001300320001-1,CIA Reading Room cia-rdp78-01617a001300320001-1: REVIEW OF THE WORLD SITUATION,1950-03-15,Coalition Government China 1946,False,background,无,,OCR 仅出现第三势力、联合政府、少数党派等背景概念，未发现民盟名称或核心人物。,local_rules,"roubled days of 1946, rendered an essentially divided verdict despite the strong support accorded the left-center group under Plastiras. The effectiveness and stability of any coalition government which is formed will be impaired by the difficulty, in the face of a strong opposition, of reconciling the demands of its several nearly equal components. In- deed, it is quit",https://archive.org/details/cia-readingroom-document-cia-rdp78-01617a001300320001-1
cia-readingroom-document-cia-rdp82-00457r004500500008-3,CIA Reading Room cia-rdp82-00457r004500500008-3: DENIAL OF NEWS REPORTS BY CHANG FA-KNEI,1950-03-20,"""third party"" Chiang Kai-shek",False,skip,无,,OCR 缺/太短,ocr_missing,,https://archive.org/details/cia-readingroom-document-cia-rdp82-00457r004500500008-3
cia-readingroom-document-cia-rdp78-01617a003800070002-1,CIA Reading Room cia-rdp78-01617a003800070002-1: FRENCH LABOR UNREST IN 1950 AND ITS IMPLICATIONS FOR THE ATTAINMENT OF US OBJECTIVES IN WESTERN EUROPE,1950-04-10,"""third force"" China",False,background,无,,OCR 仅出现第三势力、联合政府、少数党派等背景概念，未发现民盟名称或核心人物。,local_rules,"in labor- management relations, and the inflationary impact resulting both from interruptions in the scheduled production of goods and from the expected rise in money wages. Third Force Governments—the only kind of French Government foreseeable with the present Assembly—will be increasingly vul- nerable to labor pressure, which can be ex- Note: The intellig",https://archive.org/details/cia-readingroom-document-cia-rdp78-01617a003800070002-1
cia-readingroom-document-cia-rdp67-00059a000500100013-1,CIA Reading Room cia-rdp67-00059a000500100013-1: REVIEW OF THE WORLD SITUATION AS IT RELATES TO THE SECURITY OF THE UNITED STATES,1950-06-12,"""third force"" China",False,exclude,无,,未发现民盟名称、民盟前身或核心人物，暂不入库。,local_rules,,https://archive.org/details/cia-readingroom-document-cia-rdp67-00059a000500100013-1
cia-readingroom-document-cia-rdp78-01617a001300350001-8,CIA Reading Room cia-rdp78-01617a001300350001-8: REVIEW OF THE WORLD SITUATION,1950-06-14,"""third force"" China",False,background,无,,OCR 仅出现第三势力、联合政府、少数党派等背景概念，未发现民盟名称或核心人物。,local_rules,"o concern lest the US convert the North Atlantic Treaty into an alli- ance in preparation for an early war rather than a commitment designed to deter the USSR from war. The “third force” idea, which has been crit- icized as incompatible with North Atlantic Treaty objectives, is not a serious problem for the North Atlantic alliance for the time being. 2. T",https://archive.org/details/cia-readingroom-document-cia-rdp78-01617a001300350001-8
cia-readingroom-document-cia-rdp78-01617a002300060001-9,CIA Reading Room cia-rdp78-01617a002300060001-9: WEEKLY SUMMARY #108,1950-06-23,"""third force"" China",False,background,无,,OCR 仅出现第三势力、联合政府、少数党派等背景概念，未发现民盟名称或核心人物。,local_rules,"o believe that Nehru will now align his country firmly against Communism as such or cooperate more closely with the West. Presumably still committed to the concept of Asia as a third force, Nehru might instead balance any possible offensive against the tactics of international Communism with a © parallel attack on the tactics of the West. Nehru’s stand against t",https://archive.org/details/cia-readingroom-document-cia-rdp78-01617a002300060001-9
cia-readingroom-document-cia-rdp82-00457r005200490011-3,CIA Reading Room cia-rdp82-00457r005200490011-3: REACTIONS OF VARIOUS CHINESE ELEMENTS TO U.S. FAR EASTERN POLICY,1950-07-07,"""third force"" China",False,background,无,,OCR 仅出现第三势力、联合政府、少数党派等背景概念，未发现民盟名称或核心人物。,local_rules,a belief that South Kerea started the war at the instigation of the U.S. after the Jotmson~Bradley visit to Japan. Chinese independent groups interested in farming a so-called third force welcome the U.S. decision to prevent the Commnist invagion of Taiwan and approve of its long-range implications. Die-hard Kuomintang groups on Taiwan are chie€ly concerned ov,https://archive.org/details/cia-readingroom-document-cia-rdp82-00457r005200490011-3
cia-readingroom-document-cia-rdp78-01617a002400030001-1,CIA Reading Room cia-rdp78-01617a002400030001-1: THE WARM PEACE,1950-08-18,"""Democratic Parties"" Peiping; ""third force"" China",False,background,无,,OCR 仅出现第三势力、联合政府、少数党派等背景概念，未发现民盟名称或核心人物。,local_rules,"the internal Communist threat. -Furthermore, there is little likelihood that governmental ‘revenues can be raised appreciably, nor does the tenuous political position of the ‘“Third Force’’ coalition permit major economies through cuts in the heavy expenditures for social welfare. Such a move would almost certainly result: in the collapse of the governing coalit",https://archive.org/details/cia-readingroom-document-cia-rdp78-01617a002400030001-1
cia-readingroom-document-cia-rdp78-01617a002400040001-0,CIA Reading Room cia-rdp78-01617a002400040001-0: UNITED NATIONS,1950-08-25,"""third force"" China",False,exclude,无,,未发现民盟名称、民盟前身或核心人物，暂不入库。,local_rules,,https://archive.org/details/cia-readingroom-document-cia-rdp78-01617a002400040001-0
cia-readingroom-document-cia-rdp78-01617a002400060001-8,CIA Reading Room cia-rdp78-01617a002400060001-8: WESTERN MILITARY DEVELOPMENTS,1950-09-08,Coalition Government China 1946,False,exclude,无,,未发现民盟名称、民盟前身或核心人物，暂不入库。,local_rules,,https://archive.org/details/cia-readingroom-document-cia-rdp78-01617a002400060001-8
cia-readingroom-document-cia-rdp80-00809a000600350191-1,CIA Reading Room cia-rdp80-00809a000600350191-1: REPORTS ON NATIONAL CULTURE AND EDUCATION,1950-10-05,"""Democratic Parties"" Peiping",False,background,无,,OCR 仅出现第三势力、联合政府、少数党派等背景概念，未发现民盟名称或核心人物。,local_rules,"-wen Jih-pao. REPORTS ON NATIONAL CULTURE AND EDUCATION The following report on-culture and education was presented to the National Committee of the CPPCC (Central People's Political Consultative Conference) on L] dune 1950 by Kuo Mo-jo, Minister of Education. - cae A. Nation-Wide People's Political Education Movement This movement began, when the Central People's g || ve been set up enrolling at least 470,000 persons of al) types, the largest number being intellectuals and students. Various pol",https://archive.org/details/cia-readingroom-document-cia-rdp80-00809a000600350191-1
cia-readingroom-document-cia-rdp79-01090a000300050002-2,CIA Reading Room cia-rdp79-01090a000300050002-2: SUMMARIES OF TRENDS AND DEVELOPMENTS,1950-12-12,Coalition Government China 1946,False,exclude,无,,未发现民盟名称、民盟前身或核心人物，暂不入库。,local_rules,,https://archive.org/details/cia-readingroom-document-cia-rdp79-01090a000300050002-2
cia-readingroom-document-cia-rdp79-01090a000300050004-0,CIA Reading Room cia-rdp79-01090a000300050004-0: SUMMARIES OF TRENDS AND DEVELOPMENTS,1950-12-26,"""third force"" China",False,background,无,,OCR 仅出现第三势力、联合政府、少数党派等背景概念，未发现民盟名称或核心人物。,local_rules,"rawal may occur if the USSR estimated that this action would destroy the UN as such, The Soviet estimate would be that its withdrawal would effect an increase of neutrality or ""third force"" sentiment in some countries, particularly Asian and Arab, to the extent that they would also withdraw from the UN to avoid taking sides in a formal break between the Western a",https://archive.org/details/cia-readingroom-document-cia-rdp79-01090a000300050004-0
cia-readingroom-document-cia-rdp80-00809a000600380636-4,CIA Reading Room cia-rdp80-00809a000600380636-4: CCP EXPANDS AND PUSHES LAND REFORM,1951-03-30,"""Democratic Parties"" Peiping",False,background,无,,OCR 仅出现第三势力、联合政府、少数党派等背景概念，未发现民盟名称或核心人物。,local_rules,"iang level. Approximately 80,000 of them were land-reform working unit cadres in the various local areas. Among these latter were large numbers of representatives of the various democratic parties and revolutionary youth's corps intellectuals. By the end of October 1950, these workers had been sent into all parts of East China to begin work, : Peasants organizations ev",https://archive.org/details/cia-readingroom-document-cia-rdp80-00809a000600380636-4
cia-readingroom-document-02733128,CIA Reading Room 02733128: CURRENT INTELLIGENCE BULLETIN - 1951/05/19,1951-05-19,"""third force"" China",False,background,无,,OCR 仅出现第三势力、联合政府、少数党派等背景概念，未发现民盟名称或核心人物。,local_rules,"ing when their congress meets this week-end. Popularly known as the ""Fourth Force, ' this new political alliance is viewed by some observers as sounding the death knell of the ""Third Force"" coalitions that have governed France since 1947 and have steered a middle course between Communism and .Gaullism. Comment; This development, together with De Gaulle’s recen",https://archive.org/details/cia-readingroom-document-02733128
cia-readingroom-document-cia-rdp82-00457r007800730002-1,CIA Reading Room cia-rdp82-00457r007800730002-1: 1. KWANGSI GUERRILLA ACTIVITIES 2. ACTIVITIES OF THIRD FORCE LEADERS,1951-05-29,"""third force"" China",False,background,无,,OCR 仅出现第三势力、联合政府、少数党派等背景概念，未发现民盟名称或核心人物。,local_rules,"'ENG Piao and HUANG Hus-p'iao ( & x & ), writer, educator, former ovneN commissioner of education in Kwangsi, and now a guerrilla leader, are trying to establish themselves as a third force element in Kwangsi Guerrillas so far look upon CHANG Jen-min (3% % f& 50X1-HUM former chief of staff of a Nationalist army group under LI Tsung-jen, a the principal leader",https://archive.org/details/cia-readingroom-document-cia-rdp82-00457r007800730002-1
cia-readingroom-document-02895348,CIA Reading Room 02895348: DAILY DIGEST JUN 1 1951,1951-06-01,"""third force"" China",False,background,无,,OCR 仅出现第三势力、联合政府、少数党派等背景概念，未发现民盟名称或核心人物。,local_rules,"unist . parties. De Gauvlle's intransigence has obliged the newly organized Rightist— oriented ""Fourth Force"" to form numerous electoral alliances with the middle- of-the-road ""Third Force"" which had managed to maintain a government despite the opposition of both extremes in the last Assembly. This further reduces the chances for,a Gaullist landslide and makes it",https://archive.org/details/cia-readingroom-document-02895348
cia-readingroom-document-02003065,CIA Reading Room 02003065: CURRENT INTELLIGENCE BULLETIN - 1951/06/02,1951-06-02,"""third force"" China",False,background,无,,OCR 仅出现第三势力、联合政府、少数党派等背景概念，未发现民盟名称或核心人物。,local_rules,"parties. Because of his intransigence, the newly organized Rightist- oriented ""Fourth Force"" has been obliged to form numerous electoral alliances with the middle-of-the-road ""Third Force"", which had managed te maintain a government despite the opposition of both extremes in the last Assembly. This development further reduces the chances for a Gaullist landslide",https://archive.org/details/cia-readingroom-document-02003065
cia-readingroom-document-cia-rdp80-00809a000600390649-9,CIA Reading Room cia-rdp80-00809a000600390649-9: SHANGHAI RUSSIAN PAPER NOTES PROGRESS IN CHINESE AGRARIAN REFORMS AND THE AID OF THE USSR,1951-06-13,"""Democratic Parties"" Peiping",False,background,无,,OCR 仅出现第三势力、联合政府、少数党派等背景概念，未发现民盟名称或核心人物。,local_rules,"and peasant societies of the various administrative and provincial regions. (6) The personnel in workers' brigades exceeds 80,000, The brigades include members of the various democratic parties and groups and a large number of re- volutionary youths, in addition to cultural representatives and scientific workers. By the end of October 1950, workers' brigades had been s",https://archive.org/details/cia-readingroom-document-cia-rdp80-00809a000600390649-9
cia-readingroom-document-cia-rdp80-00809a000600390662-4,CIA Reading Room cia-rdp80-00809a000600390662-4: NEW ADMINISTRATIVE DIVISIONS OF PEOPLE'S REPUBLIC OF CHINA,1951-06-15,"""Political Consultative"" 1946",False,background,无,,OCR 仅出现第三势力、联合政府、少数党派等背景概念，未发现民盟名称或核心人物。,local_rules,"peing reflected on th- administrative set up of the entire country. A strong Central People's Government has been created and is now being further strengthened. The People's Political Consultative Conference, which elects the Central People's Government Council, is the highest organ of govern- ment control. The following are gubordinate to the council, the chairman of wh",https://archive.org/details/cia-readingroom-document-cia-rdp80-00809a000600390662-4
cia-readingroom-document-cia-rdp82-00457r008000450001-7,CIA Reading Room cia-rdp82-00457r008000450001-7: VARIOUS OPINIONS ON STRENGTH OF CHINESE COMMUNIST REGIME,1951-06-28,"""third force"" China",False,exclude,无,,未发现民盟名称、民盟前身或核心人物，暂不入库。,local_rules,,https://archive.org/details/cia-readingroom-document-cia-rdp82-00457r008000450001-7
cia-readingroom-document-cia-rdp80-00809a000600400173-5,CIA Reading Room cia-rdp80-00809a000600400173-5: CHINA'S FUTURE AND A THIRD FORCE,1951-07-03,"""third force"" China; ""third party"" Chiang Kai-shek",False,background,无,,OCR 仅出现第三势力、联合政府、少数党派等背景概念，未发现民盟名称或核心人物。,local_rules,"Ldaded REPRODUCTION OF THIS FORM 1S PROHIBITED. Chapters X and XI, Chung-kuo Ch'ien-tu Yu Ti-san Shih-1i, Chung-kuo Chung-hsing Ch'u-pan She, 1950. CHINA'S FUTURE AND A ""THIRD FORCE"" -- 3 Chang Fei-hsiung [The author, Chang Fei-hsiung (1) /numbers in parentheses refer to appended characters/, is the vice chairman of the Chung-yung (Middle of the Road) P || Fei-hsiung (1) /numbers in parentheses refer to appended characters/, is the vice chairman of the Chung-yung (Middle of the Road) Party, whic",https://archive.org/details/cia-readingroom-document-cia-rdp80-00809a000600400173-5
cia-readingroom-document-02740744,CIA Reading Room 02740744: CURRENT INTELLIGENCE BULLETIN - 1951/07/25,1951-07-25,"""third force"" China",False,background,无,,OCR 仅出现第三势力、联合政府、少数党派等背景概念，未发现民盟名称或核心人物。,local_rules,"l Kwei and Chiang Ching-kuo is rumored to be behind this example of ""thought.: control at its worst."" : Comment: Chiang Kai-shek's fear of defec- tions to the Communists or ""Third Force"" groups has increased the scope and power of Soviet-trained Chiang Ching-kuo's political officers. This _ is the first report indicating the unprecedented power of Ching-kuo vis",https://archive.org/details/cia-readingroom-document-02740744
cia-readingroom-document-cia-rdp79t01146a000300260001-1,CIA Reading Room cia-rdp79t01146a000300260001-1: OFFICE OF CURRENT INTELLIGENCE DAILY DIGEST,1951-07-26,Coalition Government China 1946,False,exclude,无,,未发现民盟名称、民盟前身或核心人物，暂不入库。,local_rules,,https://archive.org/details/cia-readingroom-document-cia-rdp79t01146a000300260001-1
cia-readingroom-document-cia-rdp79t01146a000300270001-0,CIA Reading Room cia-rdp79t01146a000300270001-0: DAILY DIGEST,1951-07-27,"""third force"" China",False,background,无,,OCR 仅出现第三势力、联合政府、少数党派等背景概念，未发现民盟名称或核心人物。,local_rules,"well as a freer intra-West European exchange of information than is now the case. Dutch policy, based on a strong NATO, fears that the European Army concept might turn into a ""third force"", Dutch military leaders amplified Staf's comments pointing out.that uncertainty exists over deliveries of US military equip- ment and that failure to meet agreed programs will || STERN) ""BY FRANCE. French Consider Cut-back in Defense Program, ‘The French are made. | COMMENT: Growing inflationary pressures — 25",https://archive.org/details/cia-readingroom-document-cia-rdp79t01146a000300270001-0
cia-readingroom-document-cia-rdp79t00975a000300320001-2,CIA Reading Room cia-rdp79t00975a000300320001-2: CENTRAL INTELLIGENCE BULLETIN,1951-08-04,"""third force"" China",False,background,无,,OCR 仅出现第三势力、联合政府、少数党派等背景概念，未发现民盟名称或核心人物。,local_rules,"y-dominated government to take the public's mind off serious pre-election weaknesses within the party by displaying once more the government's independence and ‘prestige as a ""third force"" in world affairs. Despite its recent protestations, Burma has never seriously expected to receive reparations from Japan. It has seized upon this issue to avoid indicating i",https://archive.org/details/cia-readingroom-document-cia-rdp79t00975a000300320001-2
cia-readingroom-document-02739452,CIA Reading Room 02739452: CURRENT INTELLIGENCE BULLETIN - 1951/08/04,1951-08-04,"""third force"" China",False,background,无,,OCR 仅出现第三势力、联合政府、少数党派等背景概念，未发现民盟名称或核心人物。,local_rules,"ty-dominated government to take the public's mind off serious pre-election weaknesses within the party by displaying once more the government's independence and ‘prestige as a ""third force"" in world affairs. Despite its recent protestations, Burma has never seriously expected to recéive reparations from Japan. It has seized _ upon this issue to avoid indicating",https://archive.org/details/cia-readingroom-document-02739452
cia-readingroom-document-02002001,CIA Reading Room 02002001: CURRENT INTELLIGENCE BULLETIN - 1951/08/26,1951-08-26,"""third force"" China",False,background,无,,OCR 仅出现第三势力、联合政府、少数党派等背景概念，未发现民盟名称或核心人物。,local_rules,"as the removal of foreign troops from Japan and the return of Formosa to Communist China. India's shift once again points up the govern- ment's desire to exhibit itself as a ""third force"" in world affairs. By refusing to attend the San Francisco Conference, India separates itself further from the West which it views as tainted with colonialism and imperiali",https://archive.org/details/cia-readingroom-document-02002001
cia-readingroom-document-cia-rdp80-00809a000700020135-8,CIA Reading Room cia-rdp80-00809a000700020135-8: TWO CHINESE WRITERS DISCUSS CAMPAIGN TO SUPPRESS COUNTERREVOLUTIONARIES,1951-11-06,"""Democratic Parties"" Peiping",False,background,无,,OCR 仅出现第三势力、联合政府、少数党派等背景概念，未发现民盟名称或核心人物。,local_rules,"ial for gov- ernment administrators to assume the leadership. Cultural, educational, and se-~ ewity departments must take charge of the whole undertaking, and people from ' all democratic parties and people's organizations must participate to make ‘the propaganda campaign successful. Propaganda methods sheuld be greatly varied. The following techniques have proved effect",https://archive.org/details/cia-readingroom-document-cia-rdp80-00809a000700020135-8
cia-readingroom-document-cia-rdp83-00415r009700030006-5,CIA Reading Room cia-rdp83-00415r009700030006-5: AGREEMENT OF 1946 OF REPRESENTATIVES OF CHINESE COMMUNIST PARTY AND MINORITY PARTIES,1951-11-07,Coalition Government China 1946,False,background,无,,OCR 仅出现第三势力、联合政府、少数党派等背景概念，未发现民盟名称或核心人物。,local_rules,"sed by the contracting parties and passed by the new PCC, 3. The highest guidance on principles and nolitical courses of action in the establishment of the 2eople's Democratic Coalition Government shall be under the leadership of Chairman MAO Tse—tung of the CC>. However, pro- | posals shall be made jointly by the contracting parties and passed by the PCC. hh. All arm || tics, and all movements of democratic individuals to en- large democratic strength and overthrow the traitorous, dictatorial p",https://archive.org/details/cia-readingroom-document-cia-rdp83-00415r009700030006-5
cia-readingroom-document-cia-rdp80-00809a000700030078-1,CIA Reading Room cia-rdp80-00809a000700030078-1: CHINESE CHRISTIAN LEADER VOICES COMPLAINT AGAINST LEIGHTON STUART AND WORLD COUNCIL OF CHURCHES,1951-11-16,"""third force"" China",False,background,无,,OCR 仅出现第三势力、联合政府、少数党派等背景概念，未发现民盟名称或核心人物。,local_rules,"sing political capital to further US imperialism's aggressive policies. He used religion, he used all sorts of seductive methods, to create in China a third force. He usec that third force to correct Kuomintang corruption and at the same time to obstruct the revolution led by the Communists. This third force consists of liberals and individuals who like and worshi",https://archive.org/details/cia-readingroom-document-cia-rdp80-00809a000700030078-1
cia-readingroom-document-00771585,CIA Reading Room 00771585: INTERVIEW WITH GENERAL LI TSUNG-JEN/ HIS RELATIONS WITH DR HU SHIH,1951-11-17,"""third force"" China",False,exclude,无,,未发现民盟名称、民盟前身或核心人物，暂不入库。,local_rules,,https://archive.org/details/cia-readingroom-document-00771585
cia-readingroom-document-cia-rdp79t01146a000500270001-4,CIA Reading Room cia-rdp79t01146a000500270001-4: DAILY DIGEST,1951-11-19,Coalition Government China 1946,False,exclude,无,,未发现民盟名称、民盟前身或核心人物，暂不入库。,local_rules,,https://archive.org/details/cia-readingroom-document-cia-rdp79t01146a000500270001-4
cia-readingroom-document-cia-rdp82-00457r009400520002-3,CIA Reading Room cia-rdp82-00457r009400520002-3: POSSIBLE CHANGES IN CHINESE NATIONALIST GOVERNMENT POSTS,1951-11-20,"""third force"" China",False,background,无,,OCR 仅出现第三势力、联合政府、少数党派等背景概念，未发现民盟名称或核心人物。,local_rules,"aal of CHOU would afford an opportunity to strengthen the Nationalist position by appointing a more popular man aa chief of the general staff. HSUEH Yueh, influential among auch third force leadera ag CHANG Fa~-kuei, is a possible choice. i Paes An educated Chinese with no known political affiliations reports that the following rumor concerning possible changes",https://archive.org/details/cia-readingroom-document-cia-rdp82-00457r009400520002-3
cia-readingroom-document-cia-rdp79t01146a000500280001-3,CIA Reading Room cia-rdp79t01146a000500280001-3: DAILY DIGEST,1951-11-20,"""third force"" China",False,exclude,无,,未发现民盟名称、民盟前身或核心人物，暂不入库。,local_rules,,https://archive.org/details/cia-readingroom-document-cia-rdp79t01146a000500280001-3
cia-readingroom-document-cia-rdp79t01146a000600010001-5,CIA Reading Room cia-rdp79t01146a000600010001-5: DAILY DIGEST,1951-11-21,"""third force"" China",False,background,无,,OCR 仅出现第三势力、联合政府、少数党派等背景概念，未发现民盟名称或核心人物。,local_rules,"ent campaigns, many of which have been vociferously acclaimed by Japaner> left-wing Socialist and labor minority eroups, Indian efforts to obtain Japanese support for an Asian ""third force"" movement are therefore’ having an effect contrary to that desired, 25X1 25X1 Comments India in 1948 aspired to lead a ""third force"" of all non- Soviet Asian nations. I",https://archive.org/details/cia-readingroom-document-cia-rdp79t01146a000600010001-5
cia-readingroom-document-cia-rdp82-00457r009400020003-7,"CIA Reading Room cia-rdp82-00457r009400020003-7: LIANG HAN-TS'AO, POTENTIAL THIRD FORCE LEADER",1951-12-06,"""third force"" China",False,background,无,,OCR 仅出现第三势力、联合政府、少数党派等背景概念，未发现民盟名称或核心人物。,local_rules,"ELLIGENCE AGENCY REPORT NO. INFORMATION REPORT conc. 9” 25X14 are i ty : Fg tbo re ‘af a tess ee Oe DATE: DISTR. 6 DiuG ol . ‘ a i f Fi SUSUR LIANG it aniets'ao, Potential Third Force | NO.OF PAGES 1 Leader o PLACE, 25x A | NO. OF ENCLS. ACQUIRED {LISTED BELOW) 5 DATE OF , . SUPPLEMENT TO INO, arly Sentenber 1951 REPORT NO. leah gsi 25X1X Pe ae ae",https://archive.org/details/cia-readingroom-document-cia-rdp82-00457r009400020003-7
cia-readingroom-document-cia-rdp82-00457r009500150001-4,CIA Reading Room cia-rdp82-00457r009500150001-4: SOUTH CHINA SUB-BUREAU DIRECTIVE ON INVESTIGATION OF THIRD FORCE ACTIVITIES,1951-12-21,"""third force"" China",False,background,无,,OCR 仅出现第三势力、联合政府、少数党派等背景概念，未发现民盟名称或核心人物。,local_rules,"IA 83-00457R008500#5000 PMFORDIA TION REPORT rr an 25X1A POUNTS¥ Canal tac Mone OATES R 87 Dee ol SUBJECT South China Sub-Dureau Directive on NG. OF PAGES L Investigation of Third Force Activities prace - 2oX1A : NO. OF ENCLS. DATE OF 5X1A SUPPLEMENT TO INFO. REPORT NO, 295X1X le As of mid-August, the South China Sub-DBureau had ordered Sabie: invest",https://archive.org/details/cia-readingroom-document-cia-rdp82-00457r009500150001-4
cia-readingroom-document-02698154,CIA Reading Room 02698154: CURRENT INTELLIGENCE BULLETIN - 1952/02/16,1952-02-16,"""third force"" China",False,background,无,,OCR 仅出现第三势力、联合政府、少数党派等背景概念，未发现民盟名称或核心人物。,local_rules,"lans to ground its air squadron in Korea (page 3). New Chinese Communist army may be in Korea (page 4). Soviet Union seeking trade with Burma (page 4). French plan attack on ""third force"" group in Indochina (page 5). NEAR EAST. - AFRICA Attempted assassination of Iranian Shah reported (page 6). Iranian Prime Minister considers armed forces unfriendly to h",https://archive.org/details/cia-readingroom-document-02698154
cia-readingroom-document-cia-rdp80-00809a000700040611-7,CIA Reading Room cia-rdp80-00809a000700040611-7: COMMUNIST TAKE-OVER AND SOVIET PENETRATION IN SINKIANG,1952-03-04,Coalition Government China 1946,False,background,无,,OCR 仅出现第三势力、联合政府、少数党派等背景概念，未发现民盟名称或核心人物。,local_rules,"Soviets to restrain the one laught 2 of the Soviet Army and the Turkestan People's Army, and to concentrate on the poli- tical arena. Akhmed jan Kasimi was directed to Bet up a coalition government together with Chang Chih-chung. Communiet sympathizers were planted in this government und awaited the word to carry out a ""change in government."" The Northwest China pattern o",https://archive.org/details/cia-readingroom-document-cia-rdp80-00809a000700040611-7
cia-readingroom-document-02016343,CIA Reading Room 02016343: CURRENT INTELLIGENCE BULLETIN - 1952/03/15,1952-03-15,"""Democratic Parties"" Peiping",False,background,无,,OCR 仅出现第三势力、联合政府、少数党派等背景概念，未发现民盟名称或核心人物。,local_rules,"reement with scheduling the 3.3(h)(2) 3.3(h)(2) 3.5(c). | Approved for Release: 2019/05/08 C02016343 TeP SECRET 3.5(c) . Prospects for a victory of the pro-Italian democratic parties in the Trieste Zone A elections may be jeopardized by the Catholic Action group, which objects on religious grounds-to Christian Democratic cooperation with the other modera",https://archive.org/details/cia-readingroom-document-02016343
cia-readingroom-document-cia-rdp80-00809a000700050219-2,CIA Reading Room cia-rdp80-00809a000700050219-2: SPREADING AND INTENSIFYING THE POLITICAL EDUCATION DRIVE IN CHINA,1952-03-19,"""Democratic Parties"" Peiping",False,exclude,无,,未发现民盟名称、民盟前身或核心人物，暂不入库。,local_rules,,https://archive.org/details/cia-readingroom-document-cia-rdp80-00809a000700050219-2
cia-readingroom-document-cia-rdp80-00809a000700060173-2,CIA Reading Room cia-rdp80-00809a000700060173-2: TREATMENT OF RELIGIOUS REFORM MOVEMENT BY CHINESE COMMUNIST PRESS DURING 1951,1952-05-12,"""Democratic Parties"" Peiping",False,exclude,无,,未发现民盟名称、民盟前身或核心人物，暂不入库。,local_rules,,https://archive.org/details/cia-readingroom-document-cia-rdp80-00809a000700060173-2
cia-readingroom-document-cia-rdp82-00039r000200040002-4,CIA Reading Room cia-rdp82-00039r000200040002-4: REBIRTH OF THE SHANGHAI ELECTRIC MACHINE INDUSTRY,1952-05-26,"""Political Consultative"" 1946",False,background,无,,OCR 仅出现第三势力、联合政府、少数党派等背景概念，未发现民盟名称或核心人物。,local_rules,"did not dictate things and was not arrogant. Why do privately-cmed plants not learn from Mr. Sun? +t is true, as indicated by Mayor Chen in the Third Session of Shanghai ee Political Consultative Conference, that many the difficulties confront private industry in Shanghai are due to their inefficient organization and srrational business management. private industrial pl",https://archive.org/details/cia-readingroom-document-cia-rdp82-00039r000200040002-4
cia-readingroom-document-cia-rdp79r01012a001600010002-3,CIA Reading Room cia-rdp79r01012a001600010002-3: THE PROBABLE FUTURE ORIENTATION OF JAPAN,1952-05-29,"""third force"" China; Coalition Government China 1946",False,background,无,,OCR 仅出现第三势力、联合政府、少数党派等背景概念，未发现民盟名称或核心人物。,local_rules,"rn orientation. 36. In the unlikely event that a coalition gov- ernment with strong Socialist representation came to power, such a government would probably tend toward a “third force” position in Asia. In addition, it would probably seek to reduce Japan’s commitments under the Security Pact with the US. LONG-RANGE TRENDS IN JAPAN’‘S- ORIENTATION Majo",https://archive.org/details/cia-readingroom-document-cia-rdp79r01012a001600010002-3
cia-readingroom-document-cia-rdp79t01146a001000140001-2,CIA Reading Room cia-rdp79t01146a001000140001-2: CURRENT INTELLIGENCE DIGEST,1952-06-02,Coalition Government China 1946,False,exclude,无,,未发现民盟名称、民盟前身或核心人物，暂不入库。,local_rules,,https://archive.org/details/cia-readingroom-document-cia-rdp79t01146a001000140001-2
cia-readingroom-document-cia-rdp82-00039r000200060003-1,CIA Reading Room cia-rdp82-00039r000200060003-1: HIGH TIDE OF PATRIOTISM SURGES THROUGHOUT THE LAND,1952-06-20,"""Democratic Parties"" Peiping",False,background,无,,OCR 仅出现第三势力、联合政府、少数党派等背景概念，未发现民盟名称或核心人物。,local_rules,"aggression in Taiwan and in the air over the Northeast and Shantung has aroused the peopla of China from the Yalu to Sinkiang and from Mongolia to Hainan, On 4 November, various democratic parties of our country issued a joint manifesto which stated that China's aid to Korea is being offered for self-defense and not for altruistic reason, During recent weeks, the press",https://archive.org/details/cia-readingroom-document-cia-rdp82-00039r000200060003-1
cia-readingroom-document-cia-rdp80-00809a000700070291-0,CIA Reading Room cia-rdp80-00809a000700070291-0: NORTHEAST AGRICULTURE EXPANDS RAPIDLY UNDER CCP LEADERSHIP,1952-07-10,Coalition Government China 1946,False,background,无,,OCR 仅出现第三势力、联合政府、少数党派等背景概念，未发现民盟名称或核心人物。,local_rules,". If China is to construct a great national industrial economy and build modern cities, it will require a long range transmutation of farmers into city dwellers."" (Discussion of Coalition Government, Liberation Press Edition, page 79.) The experience of the Wang-chen-t'ang mutual-aid team in Heilingkiang is & good example of the economic advantages of the mutual-aid p",https://archive.org/details/cia-readingroom-document-cia-rdp80-00809a000700070291-0
cia-readingroom-document-cia-rdp79t01146a001100230001-1,CIA Reading Room cia-rdp79t01146a001100230001-1: CURRENT INTELLIGENCE DIGEST,1952-07-28,"""third force"" China",False,background,无,,OCR 仅出现第三势力、联合政府、少数党派等背景概念，未发现民盟名称或核心人物。,local_rules,"ood evidence of the strength Abdullah has deve- loped in the past three years -- a Strength not entirely to. India's liking. It illustrates. once more that Abdullah is a potent third force, in addition to India and Pakistan, to be considered in relation to the saad | issue. 25X1 NEAR EAST - AFRICA 20. ‘veneral monammed Nagib is a mere figurehead for a g",https://archive.org/details/cia-readingroom-document-cia-rdp79t01146a001100230001-1
cia-readingroom-document-02119060,"CIA Reading Room 02119060: PROGRESS REPORT ON THE NATIONAL PSYCHOLOGICAL EFFORT FOR THE PERIOD JULY 1, 1952, THROUGHT SEPTEMBER 30, 1952",1952-10-30,"""third force"" China",False,background,无,,OCR 仅出现第三势力、联合政府、少数党派等背景概念，未发现民盟名称或核心人物。,local_rules,"roductivity and technical assistance, But U. S, tariff and trade restrictions remained a definite psychological drawback to our general efforts abroad, 6, Neutralism, in ites ""third force"" context, continued to give ground in the face of Europe's growing military strength, the developing: sense of unity and possibly the Soviet peace offensive, At the same time,",https://archive.org/details/cia-readingroom-document-02119060
cia-readingroom-document-cia-rdp80b01676r002300110031-3,CIA Reading Room cia-rdp80b01676r002300110031-3: DEPUTIES' MEETING,1952-11-14,"""third force"" China",False,background,无,,OCR 仅出现第三势力、联合政府、少数党派等背景概念，未发现民盟名称或核心人物。,local_rules,"h Korean militery manpower; (4) number of ChiNats troops on Formosa and elsewhere in the worlc., e.g. Burma, Indochina, off-shore islands, etc.; (5) the number of guerrilia and Third Force troops still in existence on the Chinese mainland; (6) a “quick over-all figure of what we think the imports are to Communist China to inelide imports from other than the Soviet",https://archive.org/details/cia-readingroom-document-cia-rdp80b01676r002300110031-3
cia-readingroom-document-cia-rdp80-00809a000700090420-4,CIA Reading Room cia-rdp80-00809a000700090420-4: THE CEMA AND ECONOMIC COOPERATION BETWEEN THE USSR AND THE PEOPLE'S DEMOCRACIES,1952-11-26,Coalition Government China 1946,False,exclude,无,,未发现民盟名称、民盟前身或核心人物，暂不入库。,local_rules,,https://archive.org/details/cia-readingroom-document-cia-rdp80-00809a000700090420-4
cia-readingroom-document-cia-rdp79r01012a001300050019-1,CIA Reading Room cia-rdp79r01012a001300050019-1: COMMENTS ON ONE DRAFT PAPER NIE-45 ON YUGOSLAVIA:,1953-01-15,"""third force"" China",False,background,无,,OCR 仅出现第三势力、联合政府、少数党派等背景概念，未发现民盟名称或核心人物。,local_rules,". There are no indications of Yugoslav efforts to encourage Titoism in China through dedlings with China. Also, the concept of Yugoslavia in- creasing its efforts to build-up a ""third force"" group of small nations conflicts with the general evaluation made in paragraph 1 to the effect that Yugoslavia will increase its Western orientation as the power of Satellite",https://archive.org/details/cia-readingroom-document-cia-rdp79r01012a001300050019-1
cia-readingroom-document-cia-rdp79r01012a002500020001-3,CIA Reading Room cia-rdp79r01012a002500020001-3: PROBABLE DEVELOPMENTS IN BURMA THROUGH 1953,1953-02-20,"""third force"" China; Coalition Government China 1946",False,exclude,无,,未发现民盟名称、民盟前身或核心人物，暂不入库。,local_rules,,https://archive.org/details/cia-readingroom-document-cia-rdp79r01012a002500020001-3
cia-readingroom-document-cia-rdp79r01012a002500050001-0,CIA Reading Room cia-rdp79r01012a002500050001-0: PROBABLE DEVELOPMENTS IN INDONESIA,1953-06-11,"""minor parties"" China",False,background,无,,OCR 仅出现第三势力、联合政府、少数党派等背景概念，未发现民盟名称或核心人物。,local_rules,"h 15 seats, the Indonesian Socialist Party with 14 seats, and the Indonesian Communist Party with 16 seats. The remaining representatives are di- vided among a large number of minor parties and non-political groups. Since 1950, the Masjumi and Nationalist parties have played leading roles in Indonesia’s coalition govern-- ments. All non-Communist political partie",https://archive.org/details/cia-readingroom-document-cia-rdp79r01012a002500050001-0
cia-readingroom-document-cia-rdp80s01540r003000070003-4,CIA Reading Room cia-rdp80s01540r003000070003-4: TRANSLATIONS OF NORTH KOREAN NEWSPAPERS,1953-10-06,"""Democratic Parties"" Peiping",False,exclude,排除项: korean democratic,,OCR 命中民主同盟类词汇但指向其他政党或国际组织，不纳入中国民主同盟核心范围。,local_rules,"problem of South Korea, they decided to convert North Korea alone to the base of democracy as pro- vided by the Big Three Foreign Ministers at Moscow. On 8 Feb- Tuary 1946, the democratic parties and social organizations organized a Provisional People's Committee of North Korea and elected KIM Il-sung chairman. Then they started to carry ont ""democratic reforms.' On 5 || suggestion by threatening the supporters of the peaceful fatherland unification as traitors. ~""0n 16 June 1950, the Standing C",https://archive.org/details/cia-readingroom-document-cia-rdp80s01540r003000070003-4
cia-readingroom-document-cia-rdp80-00809a000500800253-0,CIA Reading Room cia-rdp80-00809a000500800253-0: BASIC DIFFERENCE BETWEEN DJILAS AND TITO,1954-03-03,"""Democratic Parties"" Peiping",False,background,无,,OCR 仅出现第三势力、联合政府、少数党派等背景概念，未发现民盟名称或核心人物。,local_rules,"iyr- opinion, would - cut-tnemoff-definitely frum the-expanding: oo movements in Asiug and. Sc 4 setsedin dcagree also in Europe. | The Td to Communists tend to view the ‘Sootal Democratic Parties as organizations..of ‘the past, and do not think that. they have mich ohance to improve thelr international situation by éloser.contacts with these Soclalist groups. The Britis",https://archive.org/details/cia-readingroom-document-cia-rdp80-00809a000500800253-0
cia-readingroom-document-cia-rdp62-00865r000200280002-0,CIA Reading Room cia-rdp62-00865r000200280002-0: INTERNATIONAL COMMUNIST TRAINING AND EXPERIENCE OF VIET MINH LEADERS,1954-03-19,Coalition Government China 1946,False,exclude,无,,未发现民盟名称、民盟前身或核心人物，暂不入库。,local_rules,,https://archive.org/details/cia-readingroom-document-cia-rdp62-00865r000200280002-0
cia-readingroom-document-cia-rdp80-00809a000700180094-7,"CIA Reading Room cia-rdp80-00809a000700180094-7: CHINESE COAL RESERVES AND PRODUCTION,1953",1954-05-03,"""Political Consultative"" 1946",False,background,无,,OCR 仅出现第三势力、联合政府、少数党派等背景概念，未发现民盟名称或核心人物。,local_rules,"t Three Years."" 3. Percentage for 1953 is from the Chou En-lai's ""Political Re- port™ presented at the Fourth Session of the Pirst National. Committee of the Chinese People's Political Consultative Conference. - END - STAT : se ee Sal ; vinib etacenSpcabe de aia di omtiwbar eta Zale asada Sanitoed Copy Approved for Release 2011/09/14 : CIA-RDP80-00809A0007001",https://archive.org/details/cia-readingroom-document-cia-rdp80-00809a000700180094-7
cia-readingroom-document-03006394,CIA Reading Room 03006394: CURRENT INTELLIGENCE BULLETIN - 1954/05/25,1954-05-25,"""Democratic Parties"" Peiping",False,exclude,无,,未发现民盟名称、民盟前身或核心人物，暂不入库。,local_rules,,https://archive.org/details/cia-readingroom-document-03006394
cia-readingroom-document-cia-rdp80r01443r000200330013-1,CIA Reading Room cia-rdp80r01443r000200330013-1: FRENCH ASSEMBLY AND GOVERNMENT PROSPECTS,1954-06-09,Coalition Government China 1946,False,exclude,无,,未发现民盟名称、民盟前身或核心人物，暂不入库。,local_rules,,https://archive.org/details/cia-readingroom-document-cia-rdp80r01443r000200330013-1
cia-readingroom-document-02026949,CIA Reading Room 02026949: CURRENT INTELLIGENCE BULLETIN - 1954/07/22,1954-07-22,"""third force"" China",False,background,无,,OCR 仅出现第三势力、联合政府、少数党派等背景概念，未发现民盟名称或核心人物。,local_rules,ister urges firm stand on Onassis agreement (page 4). 4. Israeli defense minister advocates tough policies (page 5). WESTERN EUROPE 5. West German Social Democrats may back third force line (page 5). Ok OK OK al -rapereprT| Approved for Release: 2019/08/13 C02026949 22 July 54 1. te —_ FAR EAST Eight more IL-28 jet bombers to be fe,https://archive.org/details/cia-readingroom-document-02026949
cia-readingroom-document-cia-rdp79r01012a004300030001-2,CIA Reading Room cia-rdp79r01012a004300030001-2: PROBABLE DEVELOPMENTS IN JAPAN THROUGH 1957,1954-08-10,"""third force"" China",False,background,无,,OCR 仅出现第三势力、联合政府、少数党派等背景概念，未发现民盟名称或核心人物。,local_rules,"ill constant- ly reassess the desirability and feasibility of US forces in Japan continue to achieving a more independent position, pos- sibly in conjunction with an Asian third force. Moreover, there will probably be some growth in neutralist sentiment prompted by. US and Soviet nuclear developments and by Japanese wishful thinking as to the prospects of || achieve more effective government, the majority of the Liberals and Progressives will probably merge to form a single conservative party, o",https://archive.org/details/cia-readingroom-document-cia-rdp79r01012a004300030001-2
cia-readingroom-document-cia-rdp79t00935a000300050004-3,CIA Reading Room cia-rdp79t00935a000300050004-3: SURVEY OF SOVIET FOREIGN TRADE ACTIVITIES SINCE 1952,1954-09-29,Coalition Government China 1946,False,exclude,无,,未发现民盟名称、民盟前身或核心人物，暂不入库。,local_rules,,https://archive.org/details/cia-readingroom-document-cia-rdp79t00935a000300050004-3
cia-readingroom-document-03000834,CIA Reading Room 03000834: CURRENT INTELLIGENCE BULLETIN - 1954/10/09,1954-10-09,Coalition Government China 1946,False,exclude,无,,未发现民盟名称、民盟前身或核心人物，暂不入库。,local_rules,,https://archive.org/details/cia-readingroom-document-03000834
cia-readingroom-document-cia-rdp74-00297r000601240024-6,CIA Reading Room cia-rdp74-00297r000601240024-6: THE MYSTERIOUS DOINGS OF CIA,1954-11-06,"""third force"" China",False,skip,无,,OCR 缺/太短,ocr_missing,,https://archive.org/details/cia-readingroom-document-cia-rdp74-00297r000601240024-6
cia-readingroom-document-cia-rdp74-00297r000601240025-5,CIA Reading Room cia-rdp74-00297r000601240025-5: THE MYSTERIOUS DOINGS OF CIA,1954-11-06,"""third force"" China",False,background,无,,OCR 仅出现第三势力、联合政府、少数党派等背景概念，未发现民盟名称或核心人物。,local_rules,"tellite countries, and in nations threatened by Red sub- version? A.: Besides its spy network and the open CIA function of research, the agency operates a_ supérclandestine third force—the top-secret activity of ‘aiding and abetting freedom forces where the patriotism of captive peoples miay be fanned from a spark into action. In one satellite, where fa",https://archive.org/details/cia-readingroom-document-cia-rdp74-00297r000601240025-5
cia-readingroom-document-cia-rdp60-00321r000100090002-0,"CIA Reading Room cia-rdp60-00321r000100090002-0: ""THE MYSTERIOUS DOINGS OF CIA"": BY RICHARD AND GLADYS HARKNESS; IN THE SATURDAY EVENING POST, 6 NOVEMBER 1954; PP. 66 AND 68.",1954-11-06,Coalition Government China 1946,False,exclude,无,,未发现民盟名称、民盟前身或核心人物，暂不入库。,local_rules,,https://archive.org/details/cia-readingroom-document-cia-rdp60-00321r000100090002-0
cia-readingroom-document-03019012,CIA Reading Room 03019012: CURRENT INTELLIGENCE BULLETIN - 1954/11/30,1954-11-30,Coalition Government China 1946,False,exclude,无,,未发现民盟名称、民盟前身或核心人物，暂不入库。,local_rules,,https://archive.org/details/cia-readingroom-document-03019012
cia-readingroom-document-cia-rdp80r01443r000300170010-1,CIA Reading Room cia-rdp80r01443r000300170010-1: SOVIET-YUGOSLAV RELATIONS,1954-12-08,"""third force"" China",False,background,无,,OCR 仅出现第三势力、联合政府、少数党派等背景概念，未发现民盟名称或核心人物。,local_rules,"go 15 September, Indian and Yugo press comment on the visit rapturous, stressing common interests of both Sountviee, Tito and his press take pains to deny intention of forming “third force,"" He will go from India to Burma, but is not going to China. Nor will he go to Pakistan, which invited him belatedly. B. This trip to the East extends Tito's post-war travels,",https://archive.org/details/cia-readingroom-document-cia-rdp80r01443r000300170010-1
cia-readingroom-document-cia-rdp80r01443r000300170003-9,CIA Reading Room cia-rdp80r01443r000300170003-9: JAPAN'S NEW PREMIER,1954-12-09,"""minor parties"" China; Coalition Government China 1946",False,background,无,,OCR 仅出现第三势力、联合政府、少数党派等背景概念，未发现民盟名称或核心人物。,local_rules,"for Hatoyama as against 191 for Ogata, the new ‘ president of Yoshida's Liberal Party. B. Hatoyama votes from 120 Democrats, 61 Right Socialists, 73 Left Socialists, and 3 minor parties. Approved For Release 2000/08/30 : CIA-RDP80R01443R000300170003-9 SECRET Approved For Release 2000/08/30,$ GUARPP 80R01443R000300170003-9 C. Socialist's support for Hato",https://archive.org/details/cia-readingroom-document-cia-rdp80r01443r000300170003-9
cia-readingroom-document-cia-rdp78-00915r000700120002-9,CIA Reading Room cia-rdp78-00915r000700120002-9: COMMUNIST AGRARIAN TACTICS A Working Paper prepared in 1954-1955,1955-01-01,Coalition Government China 1946,False,exclude,无,,未发现民盟名称、民盟前身或核心人物，暂不入库。,local_rules,,https://archive.org/details/cia-readingroom-document-cia-rdp78-00915r000700120002-9
cia-readingroom-document-cia-rdp80r01443r000300190002-8,CIA Reading Room cia-rdp80r01443r000300190002-8: BACKGROUND - TITO'S TRIP,1955-01-04,"""third force"" China",False,background,无,,OCR 仅出现第三势力、联合政府、少数党派等背景概念，未发现民盟名称或核心人物。,local_rules,"y. Nehru agreed to return visit summer '55, Joint Tito-Nehru communique: 1. Stressed two nations' similarity of interests, unique world position, but 2, Rejected idea of ""third force bloc, and 3. Called for ""positive, active, and constructive policy"" of nonalign- Approved For Release 2000/88/30 : aga gp ReO PAFSRUG036NTSObUZ""s Approved For Release",https://archive.org/details/cia-readingroom-document-cia-rdp80r01443r000300190002-8
cia-readingroom-document-cia-rdp80r01443r000300190016-3,CIA Reading Room cia-rdp80r01443r000300190016-3: TITO'S TRIP,1955-01-04,"""third force"" China",False,background,无,,OCR 仅出现第三势力、联合政府、少数党派等背景概念，未发现民盟名称或核心人物。,local_rules,"present visit was joint Tito-Nehru communique, which: 1. Stressed similarity of interests of two countries and unique position in world picture, but 2, Rejected idea of a ""third force bloc,"" and 3. Called for ""positive, active, and constructive policy” of nonalignment, not passive neutralism, State visit to Burma start 6 January, including talks with | P",https://archive.org/details/cia-readingroom-document-cia-rdp80r01443r000300190016-3
cia-readingroom-document-02989043,CIA Reading Room 02989043: CURRENT INTELLIGENCE BULLETIN - 1955/01/12,1955-01-12,"""third force"" China",False,background,无,,OCR 仅出现第三势力、联合政府、少数党派等背景概念，未发现民盟名称或核心人物。,local_rules,"utralist faction in the SPD. The SPD neutralists believe that present plans for rearmament will preclude German unification. They urge that Germany be united and rearmed ina ""third force"" bloc comprising India, Egypt, and the European Continental powers, which together would form a cordon Sanitaire between the United States and the Soviet Union. FAR EAST",https://archive.org/details/cia-readingroom-document-02989043
cia-readingroom-document-cia-rdp79r01012a006000030013-0,CIA Reading Room cia-rdp79r01012a006000030013-0: PROBABLE DEVELOPMENTS IN INDONESIA THROUGH 1955,1955-03-01,"""minor parties"" China",False,background,无,,OCR 仅出现第三势力、联合政府、少数党派等背景概念，未发现民盟名称或核心人物。,local_rules,"o re- main in power. (Paras. 13, 34, 41, 45) 2. We believe the chances are somewhat better than even that elections will be held during the latter half of 1955. The present coalition government, led by the Nationalist Party (PNI) under Premier Ali Sastroamidjojo, is likely to continue in office during 1955 or until elections are held. It is unlikely to make any sig-",https://archive.org/details/cia-readingroom-document-cia-rdp79r01012a006000030013-0
cia-readingroom-document-cia-rdp79-00927a000400230001-4,CIA Reading Room cia-rdp79-00927a000400230001-4: CURRENT INTELLIGENCE WEEKLY SUMMARY,1955-03-17,Coalition Government China 1946,False,exclude,无,,未发现民盟名称、民盟前身或核心人物，暂不入库。,local_rules,,https://archive.org/details/cia-readingroom-document-cia-rdp79-00927a000400230001-4
cia-readingroom-document-cia-rdp80s01540r006600020013-9,CIA Reading Room cia-rdp80s01540r006600020013-9: THE EAST GERMAN MINISTRY OF FOREIGN AFFAIRS,1955-05-04,"""third force"" China",False,background,无,,OCR 仅出现第三势力、联合政府、少数党派等背景概念，未发现民盟名称或核心人物。,local_rules,"then wish to uphold the capitalist system. That does not exclude the neces- sity to analyze their internal conflicts and to seek to derive io 8 profit from them. The idea of a ""third force"", either in international — politics or inside the countries themselves, is completely ignored. = For the phenomenon of Social Democracy, Lenin's polemic with Kautsky © is stil",https://archive.org/details/cia-readingroom-document-cia-rdp80s01540r006600020013-9
cia-readingroom-document-03194472,CIA Reading Room 03194472: CURRENT INTELLIGENCE BULLETIN - 1955/06/08,1955-06-08,"""minor parties"" China",False,background,无,,OCR 仅出现第三势力、联合政府、少数党派等背景概念，未发现民盟名称或核心人物。,local_rules,"to the hard organizational work put in by party secretary Fanfani and will probably encourage him to force a reshuffle of the Rome cabinet and to claim the posts now held by the minor parties. The Christian Democrats do not have a majority in parliament, and the formation of an all-Christian Democratic government would probably not be attempted without a working arr",https://archive.org/details/cia-readingroom-document-03194472
cia-readingroom-document-cia-rdp79r01012a006400010015-6,CIA Reading Room cia-rdp79r01012a006400010015-6: IMPLICATIONS OF GROWING NUCLEAR CAPABILITIES FOR THE COMMUNIST BLOC AND THE FREE WORLD,1955-06-14,"""third force"" China",False,background,无,,OCR 仅出现第三势力、联合政府、少数党派等背景概念，未发现民盟名称或核心人物。,local_rules,ilitary consequence left outside the alignments. As a result of this division there is a great rigidity and lack of room for maneuver in internation- al relations. There is no third force of suf- ficient strength to manipulate and perhaps alter the balance of international power. The disputes of lesser states have come increasing- ly to involve the conflicting,https://archive.org/details/cia-readingroom-document-cia-rdp79r01012a006400010015-6
cia-readingroom-document-03448308,CIA Reading Room 03448308: CURRENT INTELLIGENCE BULLETIN - 1955/07/07,1955-07-07,"""minor parties"" China",False,background,无,,OCR 仅出现第三势力、联合政府、少数党派等背景概念，未发现民盟名称或核心人物。,local_rules,"h the Liberal Party to block measures supported by the reformist elements in the Labor, Budget, Agriculture, and Public Works Ministries. Furthermore, Christian Demo- crats and minor parties alike have become increasingly uneasy in alliance with each other, and the patience exercised by these groups during Scelba's 16 months in office has worn thin. 7 July 55 CUR",https://archive.org/details/cia-readingroom-document-03448308
cia-readingroom-document-cia-rdp80-00809a000700240026-5,CIA Reading Room cia-rdp80-00809a000700240026-5: PROPAGANDA AND EDUCATION IN THE CHINESE COMMUNIST YOUTH CORPS,1955-09-06,"""Democratic Parties"" Peiping",False,background,无,,OCR 仅出现第三势力、联合政府、少数党派等背景概念，未发现民盟名称或核心人物。,local_rules,"een recruited and trained as propagandists), a non party propaganda network should be organized. In all widespread propaganda movements, the party should work harmoniously with democratic parties and popular bodies; it should Organize all government, People's Liberation Army, cultural, educational 5 and art workers to do propaganda work in order to create a large propa-",https://archive.org/details/cia-readingroom-document-cia-rdp80-00809a000700240026-5
cia-readingroom-document-cia-rdp79-00927a000600090001-8,CIA Reading Room cia-rdp79-00927a000600090001-8: CURRENT INTELLIGENCE WEEKLY SUMMARY,1955-09-15,Coalition Government China 1946,False,exclude,无,,未发现民盟名称、民盟前身或核心人物，暂不入库。,local_rules,,https://archive.org/details/cia-readingroom-document-cia-rdp79-00927a000600090001-8
cia-readingroom-document-cia-rdp79r01012a005800010001-8,CIA Reading Room cia-rdp79r01012a005800010001-8: PROBABLE DEVELOPMENTS IN JAPAN OVER THE NEXT DECADE,1955-09-27,"""minor parties"" China",False,background,无,,OCR 仅出现第三势力、联合政府、少数党派等背景概念，未发现民盟名称或核心人物。,local_rules,L STRENGTHS IN THE LOWER HOUSE (1946-1955) Percentage of Popular Vote NOTE: In the early postwar period many conservatives ran as independents or as representatives of minor parties. Many of the independents and minor parties were gradually absorbed as conservative forces coalesced into two or three major groupings. _ 25035 9-55 Declassified and Appr,https://archive.org/details/cia-readingroom-document-cia-rdp79r01012a005800010001-8
cia-readingroom-document-cia-rdp80-00809a000700240119-2,"CIA Reading Room cia-rdp80-00809a000700240119-2: MILITARY INFORMATION FROM THE SOVIET PRESS, 1 AUGUST-5 OCTOBER 1955",1955-11-15,Coalition Government China 1946,False,exclude,无,,未发现民盟名称、民盟前身或核心人物，暂不入库。,local_rules,,https://archive.org/details/cia-readingroom-document-cia-rdp80-00809a000700240119-2
cia-readingroom-document-cia-rdp79r01012a006900050001-2,CIA Reading Room cia-rdp79r01012a006900050001-2: PROBABLE DEVELOPMENTS IN THE EUROPEAN SATELLITES THROUGH 1960,1956-01-10,Coalition Government China 1946,False,background,无,,OCR 仅出现第三势力、联合政府、少数党派等背景概念，未发现民盟名称或核心人物。,local_rules,"policy be- gan to develop. The Communists, well estab- lished in key positions, proceeded to consoli-— date their power and to sovietize the Satellites. In some countries coalition governments were eliminated ‘by means of intimidation and rigged elections. In September 1947 the Cominform was founded, in part to provide Moscow with closer control over the Satellit",https://archive.org/details/cia-readingroom-document-cia-rdp79r01012a006900050001-2
cia-readingroom-document-cia-rdp80m01009a001402440008-7,"CIA Reading Room cia-rdp80m01009a001402440008-7: ASSESSMENT OF COMMUNIST SUCCESSES, PROBLEMS AND PROSPECTS",1956-01-26,"""third force"" China",False,exclude,无,,未发现民盟名称、民盟前身或核心人物，暂不入库。,local_rules,,https://archive.org/details/cia-readingroom-document-cia-rdp80m01009a001402440008-7
cia-readingroom-document-cia-rdp80m01009a001402440009-6,"CIA Reading Room cia-rdp80m01009a001402440009-6: ASSESSMENT OF COMMUNIST SUCCESSES, PROBLEMS AND PROSPECTS",1956-02-03,"""third force"" China",False,exclude,无,,未发现民盟名称、民盟前身或核心人物，暂不入库。,local_rules,,https://archive.org/details/cia-readingroom-document-cia-rdp80m01009a001402440009-6
cia-readingroom-document-cia-rdp80m01009a001402440006-9,"CIA Reading Room cia-rdp80m01009a001402440006-9: NATIONAL WAR COLLEGE LECTURE 3 FEBRUARY 1956 ASSESSMENT OF COMMUNIST SUCCESSES, PROBLEMS AND PROSPECTS",1956-02-03,Coalition Government China 1946,False,exclude,无,,未发现民盟名称、民盟前身或核心人物，暂不入库。,local_rules,,https://archive.org/details/cia-readingroom-document-cia-rdp80m01009a001402440006-9
cia-readingroom-document-cia-rdp80m01009a001402440003-2,"CIA Reading Room cia-rdp80m01009a001402440003-2: NATIONAL WAR COLLEGE LECTURE 3 FEBRUARY 1956 ASSESSMENT OF COMMUNIST SUCCESSES, PROBLEMS AND PROSPECTS",1956-02-03,Coalition Government China 1946,False,exclude,无,,未发现民盟名称、民盟前身或核心人物，暂不入库。,local_rules,,https://archive.org/details/cia-readingroom-document-cia-rdp80m01009a001402440003-2
cia-readingroom-document-cia-rdp79r01012a007700020003-4,CIA Reading Room cia-rdp79r01012a007700020003-4: PROBABLE DEVELOPMENTS IN THE REPUBLIC OF KOREA THROUGH MID-1957,1956-02-07,"""third force"" China",False,background,无,,OCR 仅出现第三势力、联合政府、少数党派等背景概念，未发现民盟名称或核心人物。,local_rules,"ady pressure on the op- position, making use of the police and other action groups. Rhee will probably continue his present tactic of identifying political op- ponents with a “third force” which allegedly seeks neutralism in the cold war and accom- modation with “Communists, pro-Japanese, and other subversionists.” 19. If Rhee should die before the presidenti",https://archive.org/details/cia-readingroom-document-cia-rdp79r01012a007700020003-4
cia-readingroom-document-cia-rdp79r01012a008000030001-1,CIA Reading Room cia-rdp79r01012a008000030001-1: PROBABLE DEVELOPMENTS IN BURMA,1956-04-10,Coalition Government China 1946,False,exclude,无,,未发现民盟名称、民盟前身或核心人物，暂不入库。,local_rules,,https://archive.org/details/cia-readingroom-document-cia-rdp79r01012a008000030001-1
cia-readingroom-document-02995596,CIA Reading Room 02995596: CURRENT INTELLIGENCE BULLETIN - 1956/04/11,1956-04-11,"""third force"" China",False,exclude,无,,未发现民盟名称、民盟前身或核心人物，暂不入库。,local_rules,,https://archive.org/details/cia-readingroom-document-02995596
cia-readingroom-document-cia-rdp79-00927a000900030001-1,CIA Reading Room cia-rdp79-00927a000900030001-1: CURRENT INTELLIGENCE WEEKLY SUMMARY,1956-07-12,"""minor parties"" China",False,background,无,,OCR 仅出现第三势力、联合政府、少数党派等背景概念，未发现民盟名称或核心人物。,local_rules,"d the complete shutout of the pro-Communist Labor- Farmer Party indicate a polar- izing of popular strength between the two major parties to the The disadvantage of the minor parties, JAPANESE HOUSE OF COUNCILORS PRE ELECTION é GREEN BREEZE LIBERAL- DEMOCRATIC PARTY LABOR FARMER PARTY] COMMUNIST PARTY 1 fea 1956-ELECTION INDEPENDENTS L",https://archive.org/details/cia-readingroom-document-cia-rdp79-00927a000900030001-1
cia-readingroom-document-cia-rdp79-00927a001100110001-9,CIA Reading Room cia-rdp79-00927a001100110001-9: CURRENT INTELLIGENCE WEEKLY SUMMARY,1957-02-28,"""Democratic Parties"" Peiping",False,background,无,,OCR 仅出现第三势力、联合政府、少数党派等背景概念，未发现民盟名称或核心人物。,local_rules,"rol of the Icelandic Federation of Labor, however, as well as the Unskilled Workers Union--the country's largest single union--and there are no si thev will be ousted from the coalition government. 25X11 PART III PATTERNS AND PERSPECTIVES THE ARAB SOCIALIST RESURRECTION PARTY ... «. «6 «2 «© « + Page 1 The Arab Socialist Resurrection Party, a leftist, nation",https://archive.org/details/cia-readingroom-document-cia-rdp79-00927a001100110001-9
cia-readingroom-document-cia-rdp98-00979r000400300001-4,CIA Reading Room cia-rdp98-00979r000400300001-4: PROBABLE DEVELOPMENTS IN THAILAND,1957-06-18,Coalition Government China 1946,False,exclude,无,,未发现民盟名称、民盟前身或核心人物，暂不入库。,local_rules,,https://archive.org/details/cia-readingroom-document-cia-rdp98-00979r000400300001-4
cia-readingroom-document-cia-rdp98-00979r000400130001-3,CIA Reading Room cia-rdp98-00979r000400130001-3: IMPLICATIONS OF GROWING NUCLEAR CAPABILITIES FOR THE COMMUNIST BLOC AND THE FREE WORLD,1957-07-09,"""third force"" China",False,background,无,,OCR 仅出现第三势力、联合政府、少数党派等背景概念，未发现民盟名称或核心人物。,local_rules,"clear developments have raised serious doubts among the public as to the possibility of defense or survival in the event of general war. This has given impetus to pacifist and third force thinking. There has also been some public pressure for disarmament and relaxation of tensions, often without critical regard for the consequences. Nevertheless, most evidence",https://archive.org/details/cia-readingroom-document-cia-rdp98-00979r000400130001-3
cia-readingroom-document-cia-rdp98-00979r000400450001-8,CIA Reading Room cia-rdp98-00979r000400450001-8: THE OUTLOOK FOR FRANCE,1957-08-13,"""third force"" China",False,background,无,,OCR 仅出现第三势力、联合政府、少数党派等背景概念，未发现民盟名称或核心人物。,local_rules,"in committed to the Western alliance for the foreseeable fu- ture. There are minority voices besides the Communists’ which will call for a more neu- tral position, a European “third force,” or an understanding with the USSR permitting France to become wholly neutral. But these elements almost certainly will not be able to determine French policy. Even in the im || e most part from an Assembly minority — either the center-left (Socialists and Radical Socialists) or the center-right (MRP and Modér",https://archive.org/details/cia-readingroom-document-cia-rdp98-00979r000400450001-8
cia-readingroom-document-cia-rdp80t00246a073800530001-4,CIA Reading Room cia-rdp80t00246a073800530001-4: TITOISM AND SOVIET COMMUNISM: AN ANALYSIS AND COMPARISON OF THEORY AND PRACTICE,1957-10-01,"""Political Consultative"" 1946",False,background,无,,OCR 仅出现第三势力、联合政府、少数党派等背景概念，未发现民盟名称或核心人物。,local_rules,"c. refuse to become a full member of the three known ‘Soviet bloc integrating agencies; CEMA (Council of Economic Mutual Assistance), the Warsaw (military) Treaty, and the PCC (Political Consultative Com- mittee); d, denounce any foreign Soviet or Western policy which would result in clearly changing the East-West balance of power decisively in favor of either of the tw",https://archive.org/details/cia-readingroom-document-cia-rdp80t00246a073800530001-4
cia-readingroom-document-03192683,CIA Reading Room 03192683: CURRENT INTELLIGENCE BULLETIN - 1957/11/21,1957-11-21,"""Democratic Parties"" Peiping",False,background,无,,OCR 仅出现第三势力、联合政府、少数党派等背景概念，未发现民盟名称或核心人物。,local_rules,"the SKDL, but had failed--appar- ently because of the split in the Social Democratic party between the party leadership and the trade-union hierarchy. It is unlikely that the democratic parties will agree to the inclusion of the SKDL--a proposal which Kekkonen had previously told the American ambassador he might make as a tactical move, apparently to shock party lead",https://archive.org/details/cia-readingroom-document-03192683
